PAGINA ,DESCRIPCION,PRECIO
2,115-4313 (60120) MULTICOLOR,7.00
3,115-4337 (60122) MULTICOLOR,11.72
4,115-4177 (60059) MULTICOLOR,14.25
4,108-4276 (76379) BLANCO,6.28
4,108-4283 (76379) NEGRO,6.28
5,115-4177 (60059) MULTICOLOR,14.25
5,108-4290 (76380) BLANCO,6.28
5,108-4306 (76380) NEGRO,6.28
6,108-4252 (76378) BLANCO,6.28
6,108-4269 (76378) NEGRO,6.28
7,115-4290 (60075) MULTICOLOR,13.52
8,115-4177 (60059)MULTICOLOR,14.25
8,108-4542 (76385) BLANCO,5.80
9,115-4191 (60061) MULTICOLOR,20.04
10,115-4214 (60063) GRIS,7.73
10,115-4276 (60063) NARANJA,7.73
10,115-4252 (60063) VERDE,7.73
10,115-4238 (60063) VINO,7.73
11,115-3118 (17291) VERDE,25.12
11,115-3637 (17291) VERDE,25.12
12,115-3439 (17303) AZUL,28.98
12,115-3811 (17303) AZUL,28.98
12,214-7260 (18534) ROJO,34.42
12,112-3050 (77052) BEIGE,25.6
12,115-9813 (81042) CAFÉ,19.45
13,115-3354 (17298) AZUL,27.9
13,115-3736 (17298) AZUL,27.9
13,227-1521 (19773) GRIS,35.26
13,223-4069 (19773) NEGRO,35.26
13,115-3477 (77322) AZUL,23.67
13,115-9790 (81041) AZUL MARINO,16.54
14,115-4153 (17307) AZUL,26.69
14,227-1507 (19772) CAFÉ OSCURO,34.42
14,223-4045 (19772) NEGRO,34.42
14,110-4400 (76767) AZUL,12.32
14,115-9837 (81043) NEGRO,20.53
15,115-3439 (17303) AZUL,28.98
15,115-3811 (17303) AZUL,28.98
15,223-4045 (19772) NEGRO,34.42
15,115-3170 (77316) MULTICOLOR,22.22
15,115-9851 (81044) AZUL MARINO,15.10
16,108-3859 (16800) AZUL,30.43
16,227-1507 (19772) CAFÉ OSCURO,34.42
16,223-4045 (19772) NEGRO,34.42
16,115-3057 (77317) MORADO,12.80
17,115-3071 (17290) AZUL,27.65
17,115-3613 (17290) AZUL,27.65
17,112-2671 (18094) AZUL,28.01
17,224-9926 (19729) NEGRO,53.26
17,115-3576 (77326) GRIS,13.77
18,115-3330 (17297) AZUL,27.65
18,115-3712 (17297) AZUL,27.65
18,214-7260 (18534) ROJO,34.42
18,112-3050 (77052) BEIGE,25.60
19,104-4799 (11733) CAFÉ,57.36
19,115-8533 (17302) CAFÉ,33.21
19,115-8557 (17302) CAFÉ,33.21
19,113-3550 (77126) VERDE,26.69
20,115-8496 (17295) AZUL,33.21
20,115-8519 (17295) AZUL,33.21
20,115-8458 (17295) CAFÉ,33.21
20,115-8472 (17295) CAFÉ,33.21
20,115-3293 (17295) NEGRO,33.21
20,115-3675 (17295) NEGRO,33.21
20,113-0676 (77109) AZUL,32.97
20,115-9813 (81042) CAFÉ,19.45
21,113-0690 (77110) GRIS,34.78
21,115-2913 (77313) NEGRO,18.00
21,115-9738 (81038) NEGRO,17.15
22,115-3330 (17297) AZUL,27.65
22,115-3712 (17297) AZUL,27.65
22,223-7664 (19781) CAFÉ OSCURO,41.91
22,227-1248 (19781) NEGRO,41.91
22,115-3514 (77324) AZUL,19.45
22,115-9738 (81038) NEGRO,17.15
23,115-3071 (17290) AZUL,27.65
23,115-3613 (17290) AZUL,27.65
23,227-1521 (19773) GRIS,35.26
23,223-4069 (19773) NEGRO,35.26
23,112-2435 (77041) AZUL,16.07
24,115-2937 (17286) AZUL,26.57
24,223-9743 (19786) BLANCO,35.26
24,227-0920 (19786) NEGRO,35.26
24,113-3578 (77128) AZUL,14.86
25,115-3132 (17292) NEGRO,27.17
25,212-2687 (18534) NEGRO,34.42
25,214-7260 (18534) ROJO,34.42
25,115-2715 (77306) AMARILLO,31.03
26,115-3019 (17288) VINO,28.98
26,115-4115 (18115) NEGRO,31.52
26,115-4139 (18115) ROJO,31.52
26,223-7626 (19780) GRIS,30.67
26,227-1408 (19780) NEGRO,30.67
26,113-3554 (77127) GRIS,14.73
27,115-4153 (17307) AZUL,26.69
27,115-4092 (18114) GRIS,39.36
27,115-4078 (18114) NEGRO,39.36
27,113-3455 (77122) MULTICOLOR,17.27
28,115-3033 (17289) NEGRO,28.74
28,115-3590 (17289) NEGRO,28.74
28,224-9926 (19729) NEGRO,53.26
28,115-2951 (77314) GRIS,30.06
29,115-3453 (17300) AZUL,28.01
29,223-4007 (19770) CAFÉ,31.03
29,115-2814 (77310) AZUL,29.35
30,115-2937 (17286) AZUL,26.57
30,227-1521 (19773) GRIS,35.26
30,223-4069 (19773) NEGRO,35.26
30,113-6838 (77130) GRIS,15.10
31,115-3019 (17288) VINO,28.98
31,214-7260 (18534) ROJO,34.42
31,113-3479 (77123) BLANCO,17.87
32,115-3132 (17292) NEGRO,27.17
32,224-4082 (19713) NEGRO,38.16
32,115-2890 (77312) HUESO,16.54
33,115-3118 (17291) VERDE,25.12
33,115-3637 (17291) VERDE,25.12
33,115-3095 (18111) NEGRO,29.35
33,224-9926 (19729) NEGRO,53.26
33,115-2890 (77312) HUESO,16.54
34,115-3279 (17294) AZUL,28.01
34,115-3651 (17294) AZUL,28.01
34,210-8063 (18530) AZUL,43.36
34,227-1385 (18530) ROJO,43.36
34,113-0676 (77109) AZUL,32.97
34,115-9790 (81041) AZUL MARINO,16.54
35,104-4799 (11733) CAFÉ,57.36
35,115-8533 (17302) CAFÉ,33.21
35,115-8557 (17302) CAFÉ,33.21
35,112-2770 (77048) AZUL,33.33
35,115-9714 (81037) CAFÉ,17.63
36,115-4153 (17307) AZUL,26.69
36,115-2753 (77308) AZUL,35.02
37,115-2876 (17285) AZUL,25.12
37,227-0906 (19791) GRIS OBSCURO,37.67
37,224-0527 (19791) VINO,37.67
37,115-3576 (77326) GRIS,13.77
38,113-0751 (17234) GRIS,40.81
38,113-0775 (17234) GRIS,40.81
38,224-9926 (19729) NEGRO,53.26
38,115-3255 (77321) VERDE,21.38
38,115-9851 (81044) AZUL MARINO,15.10
39,112-2572 (17115) GRIS,29.70
39,115-3439 (17303) AZUL,28.98
39,115-3811 (17303) AZUL,28.98
39,224-0527 (19791) VINO,37.67
39,113-3554 (77127) GRIS,14.73
39,115-9752 (81039) CAFÉ,16.42
40,115-3439 (17303) AZUL,28.98
40,115-3811 (17303) AZUL,28.98
40,225-3206 (19732) CAFÉ OSCURO,35.98
40,227-0968 (19732) NEGRO,35.98
40,115-3538 (77325) ROJO,19.45
40,115-9875 (81045) MULTICOLOR,15.10
41,115-4153 (17307) AZUL,26.69
41,223-4021 (19771) AZUL MARINO,34.05
41,112-2336 (77035) BLANCO,18.72
41,115-9851 (81044) AZUL MARINO,15.10
42,115-4153 (17307) AZUL,26.69
42,223-0962 (19141) CAFÉ OSCURO,41.91
42,110-4608 (76759) AZUL,19.45
42,115-9752 (81039) CAFÉ,16.42
43,115-4153 (17307) AZUL,26.69
43,225-7266 (19738) GRIS OBSCURO,40.09
43,108-4177 (76376) AZUL,26.57
43,115-9752 (81039) CAFÉ,16.42
44,113-0751 (17234) GRIS,40.81
44,113-0775 (17234) GRIS,40.81
44,226-8446 (19750) NEGRO,39.97
44,115-2777 (77309) BLANCO,24.99
44,115-9837 (81043) NEGRO,20.53
45,115-3033 (17289) NEGRO,28.74
45,115-3590 (17289) NEGRO,28.74
45,226-8446 (19750) NEGRO,39.97
45,115-2739 (77307) GRIS,32.73
45,115-9837 (81043) NEGRO,20.53
46,104-3228 (7834) NEGRO,38.64
46,115-3934 (17305) NEGRO,38.64
46,115-3958 (17305) NEGRO,38.64
46,112-2510 (77045) CAFÉ,25.60
46,115-9837 (81043) NEGRO,20.53
47,104-3075 (7496) CAFÉ,55.67
47,115-3415 (17302) AZUL,33.21
47,115-3798 (17302) AZUL,33.21
47,113-0713 (77111) MULTICOLOR,28.50
47,115-9714 (81037) CAFÉ,17.63
48,115-3415 (17302) AZUL,33.21
48,115-3798 (17302) AZUL,33.21
48,225-5965 (19737) CAFÉ CLARO,43.71
48,113-0737 (77112) AZUL,25.48
48,115-9776 (81040) CAFÉ CLARO,16.54
49,115-8533 (17302) CAFÉ,33.21
49,115-8557 (17302) CAFÉ,33.21
49,225-7266 (19738) GRIS OBSCURO,40.09
49,110-4363 (76758) BLANCO,30.67
49,115-9714 (81037) CAFÉ,17.63
50,115-3934 (17305) NEGRO,38.64
50,115-3958 (17305) NEGRO,38.64
50,226-8446 (19750) NEGRO,39.97
50,115-3873 (77327) AMARILLO,39.61
50,115-9837 (81043) NEGRO,20.53
51,115-3835 (17304) CAFÉ,41.42
51,115-3859 (17304) CAFÉ,41.42
51,225-7280 (19739) CAFÉ OSCURO,40.09
51,115-3910 (77329) AZUL,35.26
51,115-9752 (81039) CAFÉ,16.42
52,115-3415 (17302) AZUL,33.21
52,115-3798 (17302) AZUL,33.21
52,223-4021 (19771) AZUL MARINO,34.05
52,115-2838 (77311) AZUL,33.68
52,115-9813 (81042) CAFÉ,19.45
53,115-4153 (17307) AZUL,26.69
53,212-8986 (19143) CAFÉ CLARO,39.85
53,115-3897 (77328) MULTICOLOR,42.5
53,115-9752 (81039) CAFÉ,16.42
54,115-3415 (17302) AZUL,33.21
54,115-3798 (17302) AZUL,33.21
54,115-8533 (17302) CAFÉ,33.21
54,115-8557 (17302) CAFÉ,33.21
54,115-8571 (17302) NEGRO,33.21
54,115-8595 (17302) NEGRO,33.21
54,113-3516 (77125) CAFÉ,21.01
54,113-3554 (77127) GRIS,14.73
55,115-4078 (18114) NEGRO,39.36
55,115-2975 (77315) NEGRO,22.82
56,112-5272 (17115) GRIS,29.7
56,112-2596 (17209) GRIS,24.99
56,112-2619 (17209) GRIS,24.99
56,115-2838 (77311) AZUL,33.68
56,115-9776 (81040) CAFÉ CLARO,16.54
57,112-2596 (17209) GRIS,24.99
57,112-2619 (17209) GRIS,24.99
57,225-7723 (19743) AZUL MARINO,39.00
57,113-3554 (77127) GRIS,14.73
57,115-3217 (77319) AZUL,30.19
57,115-9776 (81040) CAFÉ CLARO,16.54
58,115-3033 (17289) NEGRO,28.74
58,115-3590 (17289) NEGRO,28.74
58,224-0305 (19788) NEGRO,55.43
58,115-3491 (77323) GRIS,25.12
58,115-9738 (81038) NEGRO,17.15
59,115-3378 (17299) AZUL,33.21
59,115-3750 (17299) AZUL,33.21
59,223-4007 (19770) CAFÉ,31.03
59,115-3231 (77320) AZL,35.02
60,115-3316 (17296) AZUL,27.29
60,115-3699 (17296) AZUL,27.29
60,115-4016 (18112) GRIS,28.01
60,227-0906 (19791) GRIS OBSCURO,37.67
60,113-3554 (77127) GRIS,14.73
60,115-9851 (81044) AZUL MARINO,15.10
61,115-3279 (17294) AZUL,28.01
61,115-3651 (17294) AZUL,28.01
61,223-7626 (19780) GRIS,30.67
61,110-4691 (79776) GRIS,32.36
61,113-3554 (77127) GRIS,14.73
62,115-3132 (17292) NEGRO,27.17
62,214-7260 (18534) ROJO,34.42
62,108-4047 (76367) NEGRO,32.97
63,115-3118 (17291) VERDE,25.12
63,115-3637 (17291) VERDE,25.12
63,115-4115 (18115) NEGRO,31.52
63,113-0690 (77110) GRIS,34.78
64,115-3316 (17296) AZUL,27.29
64,115-3699 (17296) AZUL,27.29
64,115-4030 (18113) ROJO,20.90
64,227-1248 (19781) NEGRO,41.91
64,115-2975 (77315) NEGRO,22.82
65,104-5512 (9946) NEGRO,45.03
65,115-2852 (17117) NEGRO,63.76
65,115-3934 (17305) NEGRO,38.64
65,115-3958 (17305) NEGRO,38.64
65,110-4363 (76758) BLANCO,30.67
66,115-3453 (17300) AZUL,28.01
66,227-0906 (19791) GRIS OBSCURO,37.67
66,224-0527 (19791) VINO,37.67
66,115-4054 (77330) CORAL,20.90
67,115-3378 (17299) AZUL,33.21
67,115-3750 (17299) AZUL,33.21
67,115-2791 (18109) BLANCO,36.71
67,113-3493 (77124) AZUL,18.60
67,115-9752 (81039) CAFÉ,16.42
68,115-4153 (17307) AZUL,26.69
68,223-9743 (19786) BLANCO,35.26
68,227-0920 (19786) NEGRO,35.26
68,115-9790 (81041) AZUL MARINO,16.54
69,115-9714 (81037) CAFÉ,17.63
69,115-9738 (81038) NEGRO,17.15
69,115-9752 (81039) CAFÉ,16.42
69,115-9776 (81040) CAFÉ CLARO,16.54
69,115-9790 (81041) AZUL MARINO,16.54
69,115-9813 (81042) CAFÉ,19.45
69,115-9837 (81043) NEGRO,20.53
69,115-9851 (81044) AZUL MARINO,15.10
69,115-9875 (81045) MULTICOLOR,15.10
