PAGINA,DESCRIPCION,PRECIO,PRECIO
2,117-4519 (51235) BLANCO,21.86,19.01
2,117-4557 (66235) BLANCO,9.90,8.61
2,117-4533 (69235) BLANCO,12.80,11.13
3,117-4250 (51202) MULTICOLOR,17.87,15.54
3,117-4274 (69202) MULTICOLOR,11.47,9.97
4,117-4670 (51233) AZUL,12.08,10.50
4,117-4694 (66233 (AZUL,5.19,4.51
5,117-4755 (51207) AZUL,12.08,10.50
5,117-4779 (61207)AZUL,5.19,4.51
6,117-4038 (51199) GRIS,13.89,12.08
6,117-4052 (66199) GRIS,7.37,6.41
7,117-4915 (51225) ROSA,15.70,13.65
7,117-4939 (66225) ROSA,6.15,5.35
8,117-4953 (51238) MORADO,16.07,13.97
8,117-4977 (61238) MORADO,6.15,5.35
9,117-5011 (51239) VERDE,17.51,15.23
9,117-5455 (66239) VERDE,5.92,5.15
10,117-4830 (51211) ROSA,16.79,14.60
10,117-4854 (61211) ROSA,6.04,5.25
11,117-3970 (51198) GRIS,15.58,13.55
11,117-3994 (61198) GRIS,8.58,7.46
11,117-4014 (66198) GRIS,7.37,6.41
12,117-4878 (51215) NARANJA,9.06,7.88
12,117-4892 (69215) NARANJA,5.19,4.51
13,117-4717(51237) AZUL,12.08,10.50
13,117-4731 (61237) AZUL,5.19,4.51
14,117-5356 (51213) NEGRO,21.74,18.90
14,117-5370 (66217) NEGRO,11.24,9.77
15,117-3796 (51194) ROSA,14.73,12.81
15,117-3819 (66194) ROSA,7.00,6.09
16,114-4352 (51178) AZUL,33.21,28.88
16,114-4376 (61178) AZUL,12.08,10.50
17,117-5196 (51212) AZUL,23.07,20.06
17,117-5219 (66212) AZUL,9.18,7.98
18,117-5318 (51240) CORAL,21.61,18.79
18,117-5295 (66240) CORAL,8.58,7.46
19,117-5332 (51234) AMARILLO,21.74,18.90
19,117-5394 (66234) AMARILLO,6.89,5.99
20,105-6242 (60138) MULTICOLOR,10.50,9.13
22,113-4599 (50987) BLANCO,11.83,10.29
22,113-4575 (50987) NATURAL,11.83,10.29
22,120-3356 (50987)NEGRO,11.83,10.29
24,114-4550 (51182) MULTICOLOR,12.32,10.71
24,114-4574 (66182) MULTICOLOR,4.59,3.99
25,117-4212 (51210) GRIS,25.24,21.95
25,117-4236 (66210) GRIS,9.18,7.98
26,114-4598 (51183) CAFÉ,12.32,10.71
26,114-4611 (61183) CAFÉ,4.95,4.30
27,117-4793 (51208) NEGRO CON BLANCO,12.08,10.50
27,117-4816 (69208) NEGRO Y BLANCO,5.80,5.04
28,111-4898 (51145) BLANCO,13.77,11.97
28,111-4911 (61145) BLANCO,5.19,4.51
29,117-5158 (51209) HUESO,21.38,18.59
29,117-5172 (61209) HUESO,9.42,8.19
30,114-4710 (51186) AZUL,24.02,20.89
30,114-4734 (66186) AZUL,10.98,9.55
31,114-3577 (51173) GRIS,12.80,11.13
31,114-3591 (61173) GRIS,6.28,5.46
32,114-4918 (51190) ROSA,13.04,11.34
32,114-4932 (69190) ROSA,5.92,5.15
33,113-4391 (51154) GRIS,13.80,12.00
33,113-4377 (51154) VERDE,13.80,12.00
33,113-4438 (61154) GRIS,7.61,6.62
33,113-4414 (6114) VERDE,7.61,6.62
34,110-4127 (51119) NEGRO,23.43,20.37
34,110-4134 (66119) NEGRO,7.49,6.51
35,114-4895 (51191) MULTICOLOR,14.49,12.60
35,114-5076 (69191) MULTICOLOR,7.85,6.83
36,113-9013 (51160) ROSA,9.42,8.19
36,113-9051 (61160) ROSA,7.25,6.30
36,113-9037 (69160) ROSA,6.89,5.99
37,117-5035 (69022) ROSA,6.76,5.88
38,114-4796 (51188) BEIGE,21.38,18.59
38,114-4819 (61188) BEIGE,9.42,8.19
39,114-4833 (51189) CAFÉ,21.74,18.90
39,114-4857 (61189) CAFÉ,9.53,8.29
40,113-4230 (51152) NATURAL,13.70,11.91
40,113-4278 (69056) NATURAL,6.84,5.95
41,113-4452 (51156) BLANCO,14.02,12.19
41,113-9273 (51161) MORADO,16.19,14.08
41,113-9297 (66161) MORADO,5.22,4.54
41,113-4490 (69156) BLANCO,7.39,6.43
42,114-3331 (51171) VINO,23.07,20.06
42,114-3355 (61171) VINO,10.98,9.55
43,114-4758 (51187) ROJO,22.82,19.84
43,114-4772 (61187) ROJO,9.79,8.51
44,105-5160 (69770) MULTICOLOR,10.50,9.13
45,114-3553 (51174) AZUL,15.33,13.33
45,114-3713 (61174) AZUL,7.85,6.83
46,105-6952 (65930) MULTICOLOR,27.65,24.04
47,117-3758 (71549) BLANCO,15.58,13.55
47,117-4113 (71549 ) NEGRO,15.58,13.55
48,110-3434 (51099) NEGRO,19.45,16.91
48,110-3441 (61099) NEGRO,5.92,5.15
49,114-4475 (51180) ORO,33.21,28.88
49,114-4451 (66180) ORO,11.24,9.77
50,113-9075 (50989) BLANCO,19.08,16.59
50,117-3772 (50998) NEGRO,15.58,13.55
51,114-4437 (51179) ROSA,32.12,27.93
51,114-4413 (71179) ROSA,32.12,27.93
52,105-6617 (60928) MULTICOLOR,17.76,15.44
53,117-5554 (51242) BLANCO,17.76,15.44
53,117-5578 (61242)BLANCO,5.80,5.04
53,117-5592 (66242) BLANCO,4.95,4.30
54,105-4866 (69380) BEIGE,13.65,11.87
55,117-3871 (50999) NATURAL,13.40,11.65
56,110-3397 (51097) GRIS,19.69,17.12
57,117-4090 (71548) AZUL MARINO,9.79,8.51
57,117-3734 (71548) BLANCO,9.79,8.51
57,117-4076 (71548) ROJO,9.79,8.51
58,105-4804 (60034) NATURAL,21.61,18.79
59,105-5733 (71538) NATURAL,18.11,15.75
60,116-3575 (71538) GRIS,20.29,17.64
61,116-3599 (71539) GRIS,22.70,19.74
62,111-4010 (50984) FIUSHA,15.21,13.23
62,114-2938 (71513) NATURAL,31.88,27.72
63,111-3990 (50984) MORADO,15.21,13.23
63,105-4989 (70300) NATURAL,31.28,27.20
64,105-4972 (70296) NATURAL,20.77,18.06
65,105-6501 (70664) NATURAL,41.54,36.12
66,113-9174 (60126) NEGRO,6.28,5.46
66,113-9198 (60126) ROJO,6.28,5.46
67,120-6937 (70826) ROJO,17.39,15.12
68,111-4850 (70807) NEGRO,15.10,13.13
69,105-6143 (70826) NEGRO,17.39,15.12
70,117-5059 (71566) NEGRO,13.52,11.76
71,117-4991 (71566) NEGRO,15.70,13.65
71,117-5431 (66241) NEGRO,4.70,4.09
72,113-9112 (71504) VINO,19.08,16.59
73,117-5073 (71556) VERDE,18.24,15.86
74,113-9310 (71506) ROSA,18.72,16.28
75,117-4595 (71561) NEGRO,26.93,23.42
76,113-9334 (71507) NEGRO,16.54,14.38
77,113-9358 (71508) ORO,21.30,18.52
78,114-3775 (71509) NEGRO,15.10,13.13
79,113-9136 (71507) NEGRO,21.74,18.90
80,117-5417 (70420) MULTICOLOR,35.63,30.98
81,117-4496 (71560) ROSA,40.46,35.18
82,117-4632 (71563) NEGRO,37.06,32.23
83,115-2654 (71535) MULTICOLOR ,38.16,33.18
84,117-4656 (71564) NEGRO,39.12,34.02
85,117-4618 (71562) NEGRO,39.73,34.55
86,114-3638 (71527) MULTICOLOR,37.19,32.34
86,114-3676 (71529) MULTICOLOR,33.48,29.11
87,114-3652 (71528) MULTICOLOR,29.77,25.89
87,114-3690 (71530) MULTICOLOR,33.09,28.77
88,114-3614 (70388) MULTICOLOR,15.21,13.23
88,114-9159 (70673) AZUL,15.21,13.23
89,113-4018 (71500) CORAL,16.85,14.65
89,113-9099 (71503) CORAL,17.27,15.02
90,117-3413 (71540) AZUL,20.77,18.06
90,117-3437 (71541) GRIS,20.77,18.06
91,117-3536 (71550) GRIS,20.77,18.06
92,118-3139 (71574) GRIS,13.17,11.45
92,118-3153 (71575) GRIS,16.18,14.07
93,117-5233 (71554) NEGRO,28.50,24.78
94,113-4858 (45948) NATURAL,9.18,7.98
95,113-4834 (45947) NATRURAL,35.26,30.66
96,110-8712 (45839) CRISTAL,8.82,7.67
96,110-8705 (50986) NATURAL,19.69,17.12
97,105-6907 (45550) NATURAL,7.37,6.41
98,110-3618 (45834) MULTICOLOR,9.30,8.09
98,110-3625 (45835) MULTICOLOR,7.49,6.51
99,105-5481 (45386) NATURAL,14.38,12.50
99,110-3649 (45837) BLANCO,6.04,5.25
100,114-3737 (71520) CAFÉ ,22.89,19.90
100,114-3430 ((71522) HUESO,22.89,19.90
100,114-3515 (71525) HUESO,9.06,7.88
100,116-2196 (77389) HUESO,13.77,11.97
101,114-4871 (71532) MULTICOLOR,24.15,21.00
101,114-5052 (71533) MULTICOLOR,24.15,21.00
