PAGINA ,DESCRIPCION,PRECIO,PRECIO
3,108-4726 (76379) BLANCO,6.89,5.99
3,108-4283 (76379) NEGRO,6.89,5.99
4,108-4290 (76380) BLANCO,6.89,5.99
4,108-4306 (76380) NEGRO,6.89,5.99
5,108-4207 (60061) MULTICOLOR,22.09,19.21
6,108-4191 (60059) MULTICOLOR,15.70,13.65
7,108-4542 (76385) BLANCO,6.41,5.57
9,109-6545 (60063) AZUL,8.58,7.46
9,108-4214 (60063) MORADO,8.58,7.46
9,109-6569 (60063) ROJO,8.58,7.46
9,109-6552 (60063) VERDE,8.58,7.46
10,108-4504 (60122) MULTICOLOR,12.80,11.13
11,108-4498 (60120) MULTICOLOR,7.73,6.72
12,108-4238 (60075) MULTICOLOR,14.86,12.92
13,108-4252 (76378) BLANCO,6.89,5.99
13,108-4269 (76378) NEGRO,6.89,5.99
14,105-8284 (12891) NEGRO,49.99,43.47
14,112-2930 (17219) AZUL,26.69,23.21
14,110-4424 (76755) BLANCO,13.52,11.76
14,111-2917 (80727) NEGRO,23.18,20.16
15,112-2930 (17219) AZUL,26.69,23.21
15,110-4394 (76754) VERDE,10.27,8.93
15,111-2924 (80728) AZUL,19.08,16.59
16,110-4684 (16978) AZUL,22.22,19.32
16,110-8743 (76783) BLANCO,12.68,11.03
17,110-4684 (16978) AZUL,22.22,19.32
17,209-4687 (18515) CAFÉ CLARO,49.75,43.26
17,112-2374 (77038) MULTICOLOR,29.95,26.04
18,105-7973 (12858) CAFÉ CLARO,48.90,42.52
18,110-4493(16936) AZUL,32.97,28.67
18,108-4177 (76376) AZUL,29.46,25.62
18,111-2924 (80728) AZUL,19.08,16.59
19,112-2954 (17220) ROJO,32.84,28.56
19,212-2687 (18534) NEGRO,35.87,31.19
19,112-2473 (77043) GRIS,32.97,28.67
19,111-2917 (80727) NEGRO,23.18,20.16
20,110-4677 (16937) GRIS,22.46,19.53
20,112-2312 (77034) AZUL,19.80,17.22
20,111-2924 (80728) AZUL,19.08,16.59
21,112-2732 (17213) AZUL,33.68,29.29
21,112-2756 (17213) AZUL,33.68,29.29
21,216-6520 (19167) CAFÉ OSCURO,32.49,28.25
21,112-2770 (77048) AZUL,35.39,30.77
21,111-2900 (80726) CAFÉ,16.79,14.60
22,108-3644 (16796) AZUL,36.82,32.02
22,108-3651 (16796) AZUL,36.82,32.02
22,212-7989 (18538) CAFÉ,46.13,40.11
22,112-2336 (77035) BLANCO,19.08,16.59
22,111-2900 (80726) CAFÉ,16.79,14.60
23,105-8444 (12912) AZUL,40.57,35.28
23,112-2633 (17210) AZUL,29.59,25.73
23,112-2657 (17210) AZUL,29.59,25.73
23,112-2671 (18094) AZUL,29.70,25.83
23,112-3012 (77050) GRIS,14.86,12.92
24,110-4523 (16986) AZUL,31.28,27.2
24,110-4530 (16986) AZUL,31.28,27.2
24,223-1044 (19167) AZUL MARINO,32.49,28.25
24,110-4721 (76771) MULTICOLOR,15.82,13.76
25,108-3859 (16800) AZUL,32.84,28.56
25,214-7260 (18534) ROJO,35.87,31.19
25,112-2435 (77041) AZUL,16.07,13.97
26,106-0959 (16759) AZUL,35.02,30.45
26,106-0966 (16759) AZUL,35.02,30.45
26,210-7301 (18520) NEGRO,46.61,40.53
26,110-4691 (76776) GRIS,34.78,30.24
27,112-2732 (17213) AZUL,33.68,29.29
27,112-2756 (17213) AZUL,33.68,29.29
27,214-7260 (18534) ROJO,35.87,31.19
27,112-2916 (77053) AZUL,41.91,36.44
27,111-2924 (80728) AZUL,19.08,16.59
28,110-4523 (16986) AZUL,31.28,27.20
28,110-4530 (16986) AZUL,31.28,27.20
28,214-1862 (18516) BLANCO,44.32,38.54
28,110-4400 (76767) AZUL,12.91,11.23
28,110-4356 (76775) MULTICOLOR,32.73,28.46
28,111-2870 (80723) AZUL,20.90,18.17
29,112-2732 (17213) AZUL,33.68,29.29
29,112-2756 (17213) AZUL,33.68,29.29
29,110-4400 (76767) AZUL,12.91,11.23
30,112-2831 (17216) AZUL,27.42,23.84
30,112-2855 (17216) AZUL,27.42,23.84
30,112-2299 (77033) CAFÉ,30.91,26.88
30,112-3050 (77052) BEIGE,26.93,23.42
31,112-2978 (17222) AZUL,32.00,27.83
31,112-2992 (17222) AZUL,32.00,27.83
31,223-1044 (19167) AZUL MARINO,32.49,28.25
31,112-3036 (77051) BEIGE,16.07,13.97
31,111-2863 (80722) CAFÉ,22.94,19.95
32,112-2831 (17216) AZUL,27.42,23.84
32,112-2855 (17216) AZUL,27.42,23.84
32,210-7301 (18520) NEGRO,46.61,40.53
32,103-9504 (75961) GRIS OBSCURO,18.84,16.38
32,111-2917 (80727) NEGRO,23.18,20.16
33,112-2695 (17212) AZUL,30.06,26.14
33,112-2718 (17212) AZUL,30.06,26.14
33,214-5181 (18558) AZUL MARINO,35.87,31.19
33,108-4153 (76374) AZUL,29.95,26.04
34,105-7409 (12804) AZUL MARNO,39.73,34.55
34,112-3074 (16997) AZUL ,31.15,27.09
34,110-4318 (76764) GRIS,26.57,23.10
34,111-2924 (80728) AZUL,19.08,16.59
35,112-3074 (16997) AZUL ,31.15,27.09
35,112-2411 (77040) MULTICOLOR,30.06,26.14
35,111-2894 (80725) AZUL,14.86,12.92
36,108-3644 (16796) AZUL,36.82,32.02
36,108-3651 (16796) AZUL,36.82,32.02
36,214-1909 (18521) NEGRO,45.29,39.38
36,106-1352 (75961) GRIS,18.84,16.38
36,111-2917 (80727) NEGRO,23.18,20.16
37,104-4799 (11733) CAFÉ,60.86,52.92
37,106-0959 (16759) AZUL,35.02,30.45
37,106-0966 (16759) AZUL,35.02,30.45
37,112-3036 (77051) BEIGE,16.07,13.97
37,111-2863 (80722) CAFÉ,22.94,19.95
38,104-5499 (9900) NEGRO,41.78,36.33
38,112-2596 (17209) GRIS,26.57,23.10
38,112-2619 (17209) GRIS,26.57,23.10
38,112-2350 (17036) BLANCO,34.42,29.93
38,111-2917 (80727) NEGRO,23.18,20.16
39,112-2572 (17115) GRIS,31.52,27.41
39,112-2596 (17209) GRIS,26.57,23.10
39,112-2619 (17209) GRIS,26.57,23.10
39,214-5181(18558) AZUL MARINO,35.87,31.19
39,112-2334 (77046) MORADO,35.87,31.19
39,111-2870 (80723) AZUL,20.90,18.17
40,105-7706 (12840) CAFÉ,50.47,43.89
40,112-2459 (17114) AZUL,45.40,39.48
40,112-2794 (17215) AZUL,31.28,27.20
40,112-2817 (17215) AZUL,31.28,27.20
40,112-2510 (77045) CAFÉ,27.17,23.63
41,104-5512 (9946) NEGRO,47.70,41.48
41,106-0959 (16759) AZUL,35.02,30.45
41,106-0966 (16759) AZUL,35.02,30.45
41,110-4363 (76758) BLANCO,33.57,29.19
41,111-2887 (80724) NEGRO,24.02,20.89
42,105-7973 (12858) CAFÉ CLARO,48.90,42.52
42,106-0959 (16759) AZUL,35.02,30.45
42,106-0966 (16759) AZUL,35.02,30.45
42,112-2497 (77044) AZUL,33.81,29.40
42,111-2900 (80726) CAFÉ,16.79,14.60
43,110-4585 (16993) GRIS,31.28,27.20
43,110-4592 (16993) GRIS,31.28,27.20
43,112-2398 (77039) MORADO,33.94,29.51
43,111-2887 (80724) NEGRO,24.02,20.89
44,105-7980 (12858) NEGRO,48.90,42.52
44,108-3620 (16795) GRIS,37.06,32.23
44,108-3637 (16795) GRIS,37.06,32.23
44,110-4332 (76756) MULTICOLOR,30.43,26.46
44,111-2887 (80724) NEGRO,24.02,20.89
45,112-2794 (17215) AZUL,31.28,27.20
45,112-2817(17215) AZUL,31.28,27.20
45,212-8061 (18542) AZUL MARINO,40.20,34.96
45,110-4608 (76759) AZUL,21.61,18.79
45,111-2900 (80726) CAFÉ,16.79,14.60
46,112-2794 (17215) AZUL,31.28,27.20
46,112-2817 (17215) AZUL,31.28,27.20
46,110-4202 (18076) GRIS,34.53,30.03
46,214-1862(18516) BLANCO,44.32,38.54
47,112-2732 (17213) AZUL,33.68,29.29
47,112-2756 (17213) AZUL,33.68,29.29
47,216-6445 (19166) GRIS OBSCURO,39.00,33.91
47,110-4387 (76766) GRIS,18.11,15.75
48,112-2879 (17217) BEIGE,40.46,35.18
48,112-2893 (17217) BEIGE,40.46,35.18
48,209-4687 (18515) CAFÉ CLARO,49.75,43.26
48,110-4714 (76761) VERDE,25.12,21.84
48,111-2900 (80726) CAFÉ,16.79,14.60
49,111-2863 (80722) CAFÉ,22.94,19.95
49,111-2870 (80723) AZUL,20.90,18.17
49,111-2887 (80724) NEGRO,24.02,20.89
49,111-2894 (80725) AZUL,14.86,12.92
49,111-2900 (80726) CAFÉ,16.79,14.60
49,111-2917 (80727) NEGRO,23.18,20.16
49,111-2924 (80728) AZUL,19.08,16.59
49,111-2931 (80729) ROJO,19.08,16.59
