PAGINA,DESCRIPCION ,PRECIO,
2,229-4100 (6879) BLANCO,30.91,26.88
2,229-5244 (6888) BEIGE,34.53,30.03
2,229-6005 (6936) CAFÉ OSCURO,26.81,23.31
3,229-5145 (6885) CORAL,28.85,25.09
3,229-6081 (6983) CAFÉ OSCURO,28.14,24.47
3,212-7828 (15962) MULTICOLOR,25.60,22.26
4,229-3981 (6872) FIUSHA,25.12,21.84
4,229-5862 (6930) AZUL,27.29,23.73
4,233-9689 (6930) ROJO,27.29,23.73
5,229-3769 (6871) BEIGE,29.59,25.73
5,233.9627 (6929) CAFÉ,29.95,26.04
5,229-5848 (6929) FIUSHA,29.95,26.04
7,229-5121 (6884) BLANCO,28.26,24.57
7,233-9504 (6884) CAFÉ,28.26,24.57
7,233-9849 (7049) LILA,24.76,21.53
7,233-9467 (7049) PLATA,24.76,21.53
7,214-2586 (15964) BLANCO,27.17,23.63
8,229-5824 (6928) CAFÉ,22.46,19.53
8,233-9603 (6928) FIUSHA,22.46,19.53
8,229-6104 (6984) ROSA,24.99,21.73
9,228-6143 (6827) CORAL,21.25,18.48
9,228-7126 (6828) ORO,25.12,21.84
10,105-0738 (3660) NEGRO,13.52,11.76
10,228-5887 (6824) CORAL,14.62,12.71
10,228-5900 (6825)BEIGE,16.66,14.49
11,229-1321 (6850 ) BEIGE,28.50,24.78
11,226-9542 (19865) CAFÉ,27.05,23.52
13,229-1246 (6849) BLANCO,28.50,24.78
13,233-9382 (7002) HUESO,25.12,21.84
13,204-9021 (12979) NEGRO CHAROL,31.03,26.98
13,233-9641 (12979) ORO,31.03,26.98
13,216-0245 (19072) NEGRO,29.11,25.31
13,226-9627 (19213) NEGRO,28.50,24.78
14,229-5909 (6932) BLANCO,25.12,21.84
14,233-9702 (6932) ROSA,26.57,23.1
14,106-7477 (13717) NEGRO,32.25,28.04
14,226-9566 (19869) AZUL MEZCLILLA,24.39,21.21
15,234-0005 (7031)HUESO,26.81,23.31
15,233-9429 (7031)NARANJA,26.81,23.31
15,213-2549 (15972)BEIGE,28.50,24.78
16,229-1208 (6848) ROJO,26.81,23.31
16,229-5206 (6886)FIUSHA,28.50,24.78
17,229-5404 (6889) ORO,21.14,18.38
17,229-5428 (6890) AZUL MEZCLILLA,18.35,15.96
17,229-6067 (6939) AZUL MARINO,30.06,26.14
18,233-9788 (19868) AZUL MEZCLILLA,24.87,21.63
18,226-9481 (19868) ROJO,24.87,21.63
19,229-5886 (6931)HUESO,21.49,18.69
19,229-5923 (6933) ROSA,22.09,19.21
21,230-0764 (6457) AZUL MEZCLILLA,21.98,19.11
21,230-0788 (6458) FIUSHA,22.46,19.53
21,230-0849 (6459)FIUSHA,22.46,19.53
21,229-5466 (6891) FIUSHA,19.08,16.59
22,203-5062 (14458) ORO,36.10,31.39
22,203-8087 (14467) CAFÉ,36.23,31.50
22,233-9801 (19871) FIUSHA,37.80,32.87
23,229-9020 (6440) NEGRO,38.04,33.08
23,230-2768 (6491) NEGRO,30.67,26.67
23,233-2765 (6674) MULTICOLOR,43.71,38.01
24,229-3301 (6866) AZUL,31.40,27.30
24,229-5565 (6894) FIUSHA,30.80,26.78
24,229-9181 (19487) BLANCO,32.12,27.93
25,226-9269 (4866) NEGRO,20.41,17.75
25,229-5527 (6892) AZUL MEZCLILLA,20.90,18.17
25,229-5541 (6893) FIUSHA,30.43,26.46
25,223-8463 (19901) ROSA,30.06,26.14
26,105-0707 (1277) BLANCO,35.26,30.66
26,234-2184 (7091) BLANCO,29.22,25.41
27,229-4841 (6881) LILA,16.31,14.18
28,229-9549 (6275) FIUSHA,18.11,15.75
29,229-5022 (6882) CAFÉ CLARO,25.36,22.05
31,228-8963 (6829) ORO,25.36,22.05
31,233-9726 (6829) ROSA,25.36,22.05
31,228-9069 (6831)ORO,25.60,22.26
31,233-9580 (6898) BLANCO,23.55,20.48
31,229-5664 (6898) ROJO,23.55,20.48
33,210-2368 (5820) BLANCO,28.14,24.47
33,229-5022 (6882) CAFÉ CLARO,25.36,22.05
33,229-5046 (6883) BEIGE,25.73,22.37
33,233-9481 (7050) CAFÉ,24.87,21.63
34,230-0603 (6449) FIUSHA,18.95,16.48
34,229-2908 (6863) FIUSHA,11.83,10.29
34,233-9368 (6999) FIUSHA,16.07,13.97
35,230-0542 (6448) MULTICOLOR,18.95,16.48
35,228-9007 (6830) LILA,27.90,24.26
36,230-2669 (6489) ROSA,18.84,16.38
36,232-8324 (6628) ROJO,22.59,19.64
36,228-5740 (6821) ROSA,18.35,15.96
37,209-7145 (5818) PLATA,25.36,22.05
39,210-2504 (5826) BLANCO,25.36,22.05
39,228-9083 (6833) BEIGE,25.48,22.16
39,233-9740 (6833) ROSA,25.48,22.16
39,229-5749 (6905) ROSA,27.29,23.73
39,224-9285 (19887) CAFÉ CLARO,24.39,21.21
40,233-9887 (6840) HUESO,23.07,20.06
40,233-9900 (6840) NEGRO,23.07,20.06
40,233-9924 (6840) ROJO,23.07,20.06
40,229-0607 (6840) ROSA,23.07,20.06
41,228-9700 (6832) HUESO,25.12,21.84
41,229-5701 (6899) AZUL MARINO,26.21,22.79
41,226-9047 (19888) ORO,23.18,20.16
42,106-7200 (13696) NEGRO,31.52,27.41
43,106-7217 (13697) NEGRO,29.95,26.04
43,106-7231 (13699) NEGRO,30.43,26.46
44,224-4365 (19851) CAFÉ OSCURO,29.59,25.73
45,229-8887 (6435) ROJO,27.05,23.52
45,230-0627 (6450) AZUL,19.56,17.01
45,230-0665 (6435)ROJO,19.56,17.01
46,229-8863 (6434) ROSA,30.80,26.78
46,230-0641 (6451) ROSA,20.77,18.06
46,230-0689 (6453) FIUSHA,23.55,20.48
47,233-2666 (6664) LILA,33.45,29.09
48,105-0660 (1222) BLANCO,31.76,27.62
48,229-4063 (6873) BLANCO,26.69,23.21
49,232-8348 (6649) PLATA,32.25,28.04
50,233-2642 (6660) PLATA,39.49,34.34
51,233-2505 (6658) PLATA,39.49,34.34
51,217-3405 (19207) LILA,13.89,12.08
52,229-1444 (6852) ROSA,24.28,21.11
53,229-2403 (6859) BLANCO,21.14,18.38
53,233-9566 (6861) BLANCO,23.07,20.06
53,229-2502 (6861) ROSA,23.07,20.06
54,203-4942 (14455) AZUL MEZCLILLA,18.00,15.65
54,224-6901 (19850) ROSA,24.28,21.11
54,226-8828 (19883) AZUL MEZCLILLA,17.15,14.91
57,201-7723 (4374) CAFÉ,33.21,28.88
57,233-9863 (6853) AZUL MARINO,29.82,25.93
57,229-1505 (6853) CAFÉ OSCURO,29.82,25.93
57,229-1840 (6854) NEGRO,30.06,26.14
57,229-3202 (6865) NEGRO,11.11,9.66
57,229-3349 (6867)AZUL MARINO,33.81,29.40
58,229-4421 (6875) CAFÉ,33.81,29.40
58,229-5220 (6887) AZUL MEZCLILLA,27.42,23.84
59,233-9825 (6876) AZUL MARINO,31.88,27.72
59,229-4483 (6876) CAFÉ,31.88,27.72
59,105-3722 (12722) AZUL,31.40,27.30
60,233-9528 (6993) AZUL MARINO,31.15,27.09
60,229-6166 (6993) CAFÉ OSCURO,32.12,27.93
61,229-2021 (6856) CAFÉ,32.00,27.83
61,233-9962 (6857)MIEL,31.76,27.62
62,229-1963 (6855) AZUL MARINO,28.62,24.89
62,229-3424 (6870) CAFÉ OSCURO,32.12,27.93
62,229-6128 (6985) CAFÉ OSCURO,35.63,30.98
63,224-7229 (19907) MIEL,31.76,27.62
63,224-8943 (19924) NEGRO,31.28,27.20
63,225-5248 (19933) AZUL MARINO,29.59,25.73
64,105-0790 (4383) NEGRO,35.02,30.45
64,105-1308 (10979) NEGRO,33.09,28.77
65,105-0646 (457) NEGRO,31.52,27.41
65,106-7095 (5765) NEGRO,31.40,27.30
65,106-7088 (10857) NEGRO,30.67,26.67
66,229-6142 (6992) NEGRO,29.82,25.93
66,229-6180 (6994) CAFÉ,31.40,27.30
67,229-5626 (6896) NEGRO,32.60,28.35
67,229-5947 (6934) AZUL MEZCLILLA,34.66,30.14
67,203-5420 (14415) AZUL MARINO,36.10,31.39
69,229-8948 (6437) AZUL MEZCLILLA,33.21,28.88
69,229-8986 (6437) AZUL MARINO,34.29,29.82
69,229-3363 (6868) AZUL MARINO,30.56,26.57
69,229-5985 (6935) AZUL MARINO,28.01,24.36
69,229-6043 (6938) NARANJA,32.60,28.35
70,229-9006 (6439) AZUL MARINO,30.80,26.78
70,230-1105 (6464) AZUL MARINO,23.78,20.68
71,230-0887 (6460) AZUL MARINO,23.07,20.06
71,230-1068 (6461) NEGRO,23.07,20.06
71,230-1082 (6463) AZUL MEZCLILLA,22.46,19.53
72,229-5602 (6895) GRIS,30.91,26.88
72,229-5640 (6897) BLANCO,29.35,25.52
73,105-0707 (1277) BLANCO,35.26,30.66
73,224-8981 (19793) AZUL MARINO,32.84,28.56
74,229-9624 (12640) AZUL MARINO,17.15,14.91
75,229-0461 (6838) MIEL,29.35,25.52
78,229-0348 (6836) MIEL,26.08,22.68
78,229-0683 (6841) CAFÉ,28.50,24.78
79,228-9687 (6835) AZUL MARINO,26.32,22.89
79,233-9764( 6835) CAFÉ OSCURO,26.32,22.89
79,229-0706 (6842) AZUL MARINO,27.05,23.52
81,228-9267 (6834) AZUL MARINO,28.14,24.47
81,229-0362 (6837) CAFÉ OSCURO,26.93,23.42
81,229-2922 (6864) AZUL MARINO,12.68,11.03
81,230-1181 (15575) AZUL,18.95,16.48
81,230-1204 (15583) NEGRO,17.63,15.33
82,230-2706 (6490) AZUL MARINO,18.84,16.38
82,232-8164 (6556) AZUL,22.59,19.64
83,229-0928 (6847) CAFÉ OSCURO,28.98,25.20
83,216-6841 (19212) CAFÉ CLARO,28.26,24.57
83,226-8927 (19903) NEGRO,27.42,23.84
85,229-0805 (6846) MIEL,27.42,23.84
85,233-9948 (6846) NEGRO,27.42,23.84
85,106-7248 (13700) NEGRO,27.42,23.84
85,224-4785 (19904) AZUL MARINO,28.50,24.78
86,229-0461 (6838) MIEL,29.35,25.52
86,229-5763 (6908 ) AZUL MARINO,22.94,19.95
87,229-0744 (6844) CAFÉ OSCURO,27.53,23.94
87,229-0768 (6845) AZUL MARINO,27.29,23.73
87,226-8965 (19915) AZUL MARINO,26.93,23.42
88,229-0720 (6843) ROJO,28.14,24.47
88,212-7248 (18502) AZUL MEZCLILLA,26.69,23.21
89,232-8188 (6563) NEGRO,34.05,29.61
90,230-0702 (6454) AZUL MARINO,20.77,18.06
90,230-0726 (6455) AZUL MARINO,23.55,20.48
90,230-0740 (6456)AZUL,22.82,19.84
91,105-0660 (1222) BLANCO,31.76,27.62
91,229-3080 (6823) AZUL MARINO,26.69,23.21
91,229-2588 (6862) AZUL MARINO,16.54,14.38
91,229-4063 (6873) BLANCO,26.69,23.21
92,232-8140 (6549) VERDE,32.97,28.67
93,229-2243 (6858) CAFÉ OSCURO,24.63,21.42
93,229-2465 (6860) AZUL MARINO,23.67,20.58
93,229-2588 (6862) AZUL MARINO,16.54,14.38
93,211-0202 (15999) CAFÉ,17.39,15.12
93,224-7427 (19909) AZUL MEZCLILLA,24.02,20.89
94,231-4488 (6545) ROJO,35.87,31.19
