PAGINA,DESCRIPCION,PRECIO,SUGERIDO,CLAVE,
2,957-18 Bolso Negro,26.00,39.00,9020990,24
2,957-19 Bolso Tinto,31.00,46.50,9024990,29
2,957-20 Bolso Maquillaje,30.00,45.00,9023990,28
4,153-03 Bolso Azul Marino,40.00,60.00,9032990,38
4,153-08 Bolso Siena,45.00,67.50,9036990,43
6,546-05 Bolso Vino,45.00,67.50,9036990,43
6,957-22 Bolso Azul Marino,45.00,67.50,9036990,43
8,142-05 Bolso Gris Oxford,35.00,52.50,9028990,33
8,142-09 Bolso Camel,40.00,60.00,9032990,38
8,143-08 Bolso Negro,33.00,49.50,9026990,31
10,153-06 Bolso Negro,25.00,37.50,9019990,23
10,153-06 Bolso Oro,25.00,37.50,9019990,23
10,546-06 Bolso Antimonio,34.00,51.00,9027990,32
10,546-06 Bolso Azul Marino,34.00,51.00,9027990,32
12,142-07 Bolso Negro,38.00,57.00,9030990,36
12,142-07 Bolso Maquillaje,38.00,57.00,9030990,36
12,957-15 Bolso Negro,40.00,60.00,9032990,38
14,154-01 Bolso Ivory,47.00,70.50,9038990,45
14,154-02 Bolso Café Testa,45.00,67.50,9036990,43
14,957-21 Bolso Negro,42.00,63.00,9034990,40
16,153-01 Bolso Negro,42.00,63.00,9034990,40
16,154-03 Bolso Bugambilia,40.00,60.00,9032990,38
18,142-06 Bolso Negro,39.00,58.50,9031990,37
18,142-06 Bolso Nude,39.00,58.50,9031990,37
18,142-08 Bolso Taupe,35.00,52.50,9028990,33
20,153-02 Bolso Camel,37.00,55.50,9029990,35
20,620-03 Bolso Café,48.00,72.00,9039990,46
20,957-17 Bolso Maquillaje,42.00,63.00,9034990,40
22,941-09 Bolso Negro,40.00,60.00,9032990,38
22,957-14 Bolso Gris,47.00,70.50,9038990,45
24,957-12 Bolso Café,40.00,60.00,9032990,38
24,957-23 Bolso Gris,40.00,60.00,9032990,38
26,143-09 Bolso Siena,27.00,40.50,9021990,25
26,620-02 Bolso Arena,35.00,52.50,9028990,33
26,957-16 Bolso Negro,32.00,48.00,9025990,30
