PAGINA,DESCRIPCION,PRECIO,CREDITO,CONTADO,CLAVE
2,675-33 (5 al 9.5) AQUA,30.28,45.42,28.28,3024592
2,340-79 (5 al 9.5) NEGRO,30.28,45.42,28.28,3024592
2,675-37 (5 al 9.5) ROSA NEON,30.28,45.42,28.28,3024592
2,675-37 (5 al 9.5) AZUL MARINO,30.28,45.42,28.28,3024592
2,202-82 BOLSO MULTICOLOR,24.92,37.38,22.92,3019932
2,Combo 984 (5 al 9.5) MULTICOLOR,45.55,68.33,43.55,3037872
4,675-22 (5 al 9.5) ROSA NEON,30.28,45.42,28.28,3024592
4,675-39 (5 al 9.5) GRIS/NEGRO,30.28,45.42,28.28,3024592
4,675-38 (5 al 9.5) LEOPARDO NEGRO,24.92,37.38,22.92,3019932
4,675-40 (5 al 9.5) ORO,30.28,45.42,28.28,3024592
4,202-83 BOLSO ORO/FIUSHA,27.22,40.83,25.22,3021932
4,Combo 985 (5 al 9.5) ORO,47.46,71.19,45.46,3039532
6,340-12 (5 al 10) NEGRO/FIUSHA,28.76,43.14,26.76,3023272
6,580-03 (5 al 9.5) FIUSHA,24.92,37.38,22.92,3019932
6,340-76 (5 al 9.5) NEGRO,27.98,41.97,25.98,3022592
6,202-84 BOLSO MULTICOLOR,24.16,36.24,22.16,3019272
6,340-84 (5 al 9.5) MARINO MULTICOLOR,30.28,45.42,28.28,3024592
6,Combo 986 (5 al 9.5) MULTICOLOR,44.86,67.29,42.86,3037272
8,340-69 (5 al 9.5) GRIS/FIUSHA,28.44,42.66,26.44,3022992
8,340-85 (5 al 9.5) MARINO,28.44,42.66,26.44,3022992
8,340-70 (5 al 9.5) MARINO,28.44,42.66,26.44,3022992
8,340-82 (5 al 9.5) NEGRO MULTICOLOR,28.44,42.66,26.44,3022992
10,675-36 (5 al 9.5) ARENA,27.22,40.83,25.22,3021932
10,340-78 (5 al 9.5) MARINO,27.98,41.97,25.98,3022592
10,340-81 (5 al 9.5) TINTO,27.98,41.97,25.98,3022592
10,202-85 BOLSO AQUA,27.22,40.83,25.22,3021932
10,340-80 (5 al 9.5) AQUA MULTICOLOR,27.98,41.97,25.98,3022592
10,Combo 987 (5 al 9.5) AQUA,45.55,68.33,43.55,3037872
12,563-00 (5 al 9.5) NEGRO/FIUSHA,27.22,40.83,25.22,3021932
12,340-75 (5 al 9.5) GRIS,30.28,45.42,28.28,3024592
12,035-18 (5 al 9.5) FIUSHA,25.68,38.52,23.68,3020592
12,340-77 (5 al 9.5) MARINO,27.98,41.97,25.98,3022592
14,026-14 (5 al 9.5) GRIS,24.62,36.93,22.62,3019672
14,453-09 (5 al 9.5) ROSA NEON,24.62,36.93,22.62,3019672
14,026-18 (5 al 9.5) MULTICOLOR,24.62,36.93,22.62,3019672
14,383-29 (5 al 9.5) FIUSHA,24.62,36.93,22.62,3019672
16,193-00 (5 al 10 Enteros) CORAL,23.08,34.62,21.08,3018332
16,193-00 (5 al 10 Enteros) NEGRO,23.08,34.62,21.08,3018332
16,026-14 (5 al 9.5) TINTO,24.62,36.93,22.62,3019672
16,202-86 BOLSO MARINO/FIUSHA,24.16,36.24,22.16,3019272
16,026-17 (5 al 9.5) MARINO/FIUSHA,24.62,36.93,22.62,3019672
16,Combo 988 (5 al 9.5) MARINO/FIUSHA,39.99,59.99,37.99,3033072
18,305-62 (5 al 9 Enteros) TINTO,21.86,32.79,19.86,3017272
18,305-62 (5 al 9 Enteros) CAMEL,21.86,32.79,19.86,3017272
18,327-50 (5 al 9.5) CAMEL/ORO,24.62,36.93,22.62,3019672
20,675-28 (5 al 9.5) AQUA,24.62,36.93,22.62,3019672
20,340-86 (5 al 9.5) LEOPARDO,24.92,37.38,22.92,3019932
20,580-04 (5 al 9.5) BEIGE,24.92,37.38,22.92,3019932
22,643-35 (5 al 9.5) NEGRO/FIUSHA,26.14,39.21,24.14,3020992
22,340-73 (5 al 9.5) BLANCO MULTICOLOR,26.14,39.21,24.14,3020992
22,643-36 (5 al 9.5) CORAL,26.14,39.21,24.14,3020992
22,022-42 (5 al 9.5) MAIRNO MULTICOLOR,24.92,37.38,22.92,3019932
24,026-14 (5 al 9.5) MARINO,24.92,37.38,22.92,3019932
24,383-32 (5 al 9.5) NEGRO MULTICOLOR,24.92,37.38,22.92,3019932
24,383-28 (5 al 9.5) MULTICOLOR,26.14,39.21,24.14,3020992
24,383-21 (5 al 9.5) MARINO MULTICOLOR,26.14,39.21,24.14,3020992
24,202-87 BOLSO MULTICOLOR,23.38,35.07,21.38,3018592
24,Combo 989 (5 al 9.5) MULTICOLOR,40.72,61.08,38.72,3033672
26,888-01 (5 al 10 Enteros) BLANCO,14.96,22.44,12.96,3011272
26,888-01 (5 al 10 Enteros) GRIS/ROSA,14.96,22.44,12.96,3011272
26,331-64 (5 al 9.5) BLANCO,18.78,28.17,16.78,3014592
26,331-64 (5 al 9.5) NEGRO,18.78,28.17,16.78,3014592
28,572-08 (6 al 9.5) TINTO,22.62,33.93,20.62,3017932
28,560-02 (5 al 10 Enteros) BLANCO,16.48,24.72,14.48,3012592
28,193-04 (5 al 10 Enteros) MAQUILLAJE,21.86,32.79,19.86,3017272
28,193-05 (5 al 10 Enteros) BLANCO,26.14,39.21,24.14,3020992
30,094-08 (5 al 9.5) NEGRO,22.62,33.93,20.62,3017932
30,193-02 (5 al 10 Enteros) ORO,24.92,37.38,22.92,3019932
30,193-03 (5 al 10 Enteros) MARINO,21.86,32.79,19.86,3017272
30,202-88 BOLSO AZUL,26.46,39.69,24.46,3021272
30,Combo 990 (5 al 10 Enteros) AZUL,39.69,59.54,37.69,3032792
32,565-00 (5 al 9.5) BLANCO,27.22,40.83,25.22,3021932
32,643-28 (5 al 9.5) BLANCO,26.92,40.38,24.92,3021672
32,340-74 (5 al 9.5) BLANCO,24.92,37.38,22.92,3019932
32,026-16 (5 al 9.5) BLANCO,24.92,37.38,22.92,3019932
34,707-12 (5 al 9.5) NEGRO,20.32,30.48,18.32,3015932
34,317-04 (5 al 9.5) NEGRO,24.92,37.38,22.92,3019932
34,707-13 (5 al 9.5) NEGRO,20.32,30.48,18.32,3015932
36,087-09 (6 al 9.5) NEGRO,25.68,38.52,23.68,3020592
36,331-62 (5 al 9.5) NEGRO,19.56,29.34,17.56,3015272
36,533-00 (6 al 9 Enteros) NEGRO,21.08,31.62,19.08,3016592
38,381-23 (5 al 9 Enteros) ORO,23.84,35.76,21.84,3018992
38,383-22 (5 al 9.5) NEGRO,19.99,29.99,17.99,3015672
38,383-23 (5 al 9.5) MARINO,19.56,29.34,17.56,3015272
38,383-33 (5 al 9.5) MARINO MULTICOLOR,19.56,29.34,17.56,3015272
38,202-89 BOLSO MULTICOLOR,21.08,31.62,19.08,3016592
38,Combo 991 (5 al 9.5) MULTICOLOR,33.13,49.70,31.13,3027072
40,327-47 (5 al 9.5) BEIGE MULTICOLOR,23.08,34.62,21.08,3018332
40,327-45 (5 al 9.5) CAMEL,21.86,32.79,19.86,3017272
40,327-49 (5 al 9.5) NEGRO MULTICOLOR,21.08,31.62,19.08,3016592
40,347-25 (5 al 9.5) MEZCLILLA ,24.62,36.93,22.62,3019672
42,193-01 (5 al 10 Enteros) BEIGE,21.08,31.62,19.08,3016592
42,068-17 (5 al 9 Enteros) FIUSHA,19.24,28.86,17.24,3014992
42,331-63 (5 al 9.5) ROJO,17.99,26.99,15.99,3013932
42,068-18 (5 al 9 Enteros) MARINO,17.99,26.99,15.99,3013932
44,342-19 (5 al 9.5) CAMEL,23.38,35.07,21.38,3018592
44,401-30 (5 al 9.5) MOKA,29.52,44.28,27.52,3023932
44,025-26 (5 al 9.5) NEGRO,29.52,44.28,27.52,3023932
44,383-27 (5 al 9.5) AZUL MEZCLILLA,20.32,30.48,18.32,3015932
46,044-60 (5 al 10 Enteros) CAMEL,27.98,41.97,25.98,3022592
46,044-59 (5 al 10 Enteros) NEGRO,33.36,50.04,31.36,3027272
46,044-57 (5 al 10 Enteros) NEGRO,25.68,38.52,23.68,3020592
46,202-91 BOLSO NEGRO,19.56,29.34,17.56,3015272
48,707-11 (5 al 10) CAFÉ,19.56,29.34,17.56,3015272
48,044-58 (5 al 10 Enteros) NEGRO,24.92,37.38,22.92,3019932
48,202-92 BOLSO CAMEL,18.78,28.17,16.78,3014592
48,574-00 (5 al 10 Enteros) MIEL,24.92,37.38,22.92,3019932
48,574-01 (5 al 10 Enteros) TOPO,24.92,37.38,22.92,3019932
50,327-44 (5 al 9.5) TINTO,22.62,33.93,20.62,3017932
50,327-48 (5 al 9.5) LEOPARDO,22.62,33.93,20.62,3017932
50,327-46 (5 al 9.5) CAMEL MULTICOLOR,23.38,35.07,21.38,3018592
50,202-90 BOLSO CAMEL,20.32,30.48,18.32,3015932
50,Combo 992 (5 al 9.5) CAMEL,35.66,53.49,33.66,3029272
52,383-16 (5 al 10 Enteros) CAMEL,22.32,33.48,20.32,3017672
52,383-25 (5 al 10 Enteros) PLATA,22.32,33.48,20.32,3017672
52,383-26 (5 al 10 Enteros) NEGRO,22.32,33.48,20.32,3017672
54,650-23 (5 al 9 Enteros) MARINO,30.28,45.42,28.28,3024592
54,650-24 (5 al 9 Enteros) NEGRO,30.28,45.42,28.28,3024592
54,400-11 (5 al 10 Enteros) NEGRO,29.98,44.97,27.98,3024332
54,374-15 (5 al 9.5) CAMEL/NEGRO,30.28,45.42,28.28,3024592
56,653-68 (5 al 9.5) MIEL,39.48,59.22,37.48,3032592
56,048-52 (5 al 9.5) NEGRO,40.26,60.39,38.26,3033272
56,653-69 (5 al 9.5) NEGRO,33.36,50.04,31.36,3027272
58,099-18 (5 al 9.5) MARINO,29.52,44.28,27.52,3023932
58,342-21 (5 al 9.5) CAFÉ,30.28,45.42,28.28,3024592
58,347-26 (5 al 9.5) CAMEL,37.96,56.94,35.96,3031272
60,094-09 (5 al 9.5) CAMEL,31.82,47.73,29.82,3025932
60,048-53 (5 al 9.5) TINTO,36.42,54.63,34.42,3029932
60,890-23 (5 al 9.5) NEGRO,36.42,54.63,34.42,3029932
62,340-83 (5 al 9.5) BLANCO,27.98,41.97,25.98,3022592
62,383-24 (5 al 9.5) NEGRO,26.46,39.69,24.46,3021272
62,675-35 (5 al 9.5) ORO,27.98,41.97,25.98,3022592
64,643-37 (5 al 9.5) AZUL TURQUESA,27.22,40.83,25.22,3021932
64,643-38 (5 al 9.5) AZUL MARINO,29.52,44.28,27.52,3023932
64,675-34 (5 al 9.5) BEIGE,28.76,43.14,26.76,3023272
66,453-11 (5 al 9.5) MARINO,25.68,38.52,23.68,3020592
66,419-00 (5 al 9.5) MARINO,24.92,37.38,22.92,3019932
66,002-00 (5 al 9.5) CAFÉ,35.66,53.49,33.66,3029272
68,401-28 (5 al 9.5) MOKA,37.18,55.77,35.18,3030592
68,347-28 (5 al 9.5) CAMEL,37.18,55.77,35.18,3030592
68,653-67 (5 al 9.5) MIEL,32.58,48.87,30.58,3026592
68,347-27 (5 al 9.5) CHOCOLATE,39.48,59.22,37.48,3032592
70,351-07 (5 al 9.5) TOPO,36.42,54.63,34.42,3029932
70,351-05 (5 al 9.5) CEREZA,38.72,58.08,36.72,3031932
70,002-01 (5 al 9.5) CHOCOLATE,35.66,53.49,33.66,3029272
70,048-51 (5 al 9.5) CAMEL,29.52,44.28,27.52,3023932
72,340-52 (5 al 9.5) MIEL,39.48,59.22,37.48,3032592
72,340-52 (5 al 9.5) CHOCOLATE,39.48,59.22,37.48,3032592
72,341-05 (5 al 9.5) AZUL MEZCLILLA,41.78,62.67,39.78,3034592
72,341-05 (5 al 9.5) FIUSHA,41.78,62.67,39.78,3034592
73,Combo 984 (5 al 9.5) MULTICOLOR,45.55,68.33,43.55,3037872
73,Combo 985 (5 al 9.5) ORO/FIUSHA,47.46,71.19,45.46,3039532
73,Combo 990 (5 al 10 Enteros) AZUL,39.69,59.54,37.69,3032792
73,Combo 987 (5 al 9.5) AQUA MULTICOLOR,45.55,68.33,43.55,3037872
73,Combo 988 (5 al 9.5) MARINO/FIUSHA,39.99,59.99,37.99,3033072
73,Combo 992 (5 al 9.5) CAMEL MULTICOLOR,35.66,53.49,33.66,3029272
74,Combo 986 (5 al 9.5) MULTICOLOR,44.86,67.29,42.86,3037272
74,Combo 989 (5 al 9.5) MULTICOLOR,40.72,61.08,38.72,3033672
74,202-92 BOLSO CAMEL,18.78,28.17,16.78,3014592
74,Combo 991 (5 al 9.5) MULTICOLOR,33.13,49.70,31.13,3027072
74,202-91 BOLSO NEGRO,19.56,29.34,17.56,3015272
