PAGINA ,CODIGO ,CATALOGOS,SUGERIDO,
1,OL 1-1,39.60,66.00,
1,OL 1-2,10.80,18.00,JUL-14 2015 BETTY INDICO Q SE VUELVA  CARGAR ESTA LISTA
1,OL 1-3,14.40,24.00,"POR FAVOR CARGAR LA LISTA DE PRECIOS DE ORO LAMINADO, HEMOS CONSEGUIDO UNA NEGOCIACION CON ELPROVEEDOR PARA REGRESAR AL PRECIOS ANTIGUO."
1,OL 1-4,21.60,36.00,
1,OL 1-5,28.80,48.00,
2,OL 2-1,30.60,51.00,
2,OL 2-2,19.80,33.00,
2,OL 2-3,18.00,30.00,
2,OL 2-4,17.40,29.00,
2,OL 2-5,17.40,29.00,
2,OL 2-6,21.60,36.00,
2,OL 2-7,19.80,33.00,
2,OL 2-8,19.80,33.00,
2,OL 2-9,18.00,30.00,
2,OL 2-10,16.20,27.00,
2,OL 2-11,16.20,27.00
2,OL 2-12,21.60,36.00
2,OL 2-13,18.00,30.00
2,OL 2-14,19.80,33.00
2,OL 2-15,18.00,30.00
2,OL 2-16,18.00,30.00
3,OL 3-1,27.00,45.00
3,OL 3-2,21.60,36.00
3,OL 3-3,19.80,33.00
3,OL 3-4,18.00,30.00
3,OL 3-5,10.80,18.00
3,OL 3-6,18.00,30.00
3,OL 3-7,18.00,30.00
3,OL 3-8,14.40,24.00
3,OL 3-9,12.60,21.00
3,OL 3-10,18.00,30.00
3,OL 3-11,14.40,24.00
3,OL 3-12,14.40,24.00
3,OL 3-13,14.40,24.00
3,OL 3-14,12.60,21.00
3,OL 3-15,7.20,12.00
3,OL 3-16,5.40,9.00
3,OL 3-17,7.20,12.00
4,OL 4-1,61.20,102.00
4,OL 4-2,54.00,90.00
4,OL 4-3,36.00,60.00
4,OL 4-4,36.00,60.00
4,OL 4-5,39.60,66.00
4,OL 4-6,39.60,66.00
4,OL 4-7,36.00,60.00
4,OL 4-8,39.60,66.00
4,OL 4-9,23.40,39.00
4,OL 4-10,23.40,39.00
4,OL 4-11,14.40,24.00
4,OL 4-12,14.40,24.00
4,OL 4-13,14.40,24.00
4,OL 4-14,14.40,24.00
5,OL 5-1,23.40,39.00
5,OL 5-2,39.60,39.00
5,OL 5-3,23.40,39.00
5,OL 5-4,23.40,39.00
5,OL 5-5,23.40,39.00
5,OL 5-6,23.40,39.00
5,OL 5-7,23.40,39.00
5,OL 5-8,23.40,39.00
6,OL 6-1,23.40,39.00
6,OL 6-2,23.40,39.00
6,OL 6-3,23.40,39.00
6,OL 6-4,23.40,39.00
6,OL 6-5,17.40,29.00
6,OL 6-6,17.40,29.00
6,OL 6-7,18.00,30.00
6,OL 6-8,18.00,30.00
7,OL 7-1,10.80,18.00
7,OL 7-2,10.80,18.00
7,OL 7-3,10.80,18.00
7,OL 7-4,23.40,39.00
7,OL 7-5,23.40,39.00
7,OL 7-6,46.80,39.00
7,OL 7-7,46.80,39.00
8,OL 8-1,14.40,24.00
8,OL 8-2,16.20,27.00
8,OL 8-3,108.00,180.00
8,OL 8-4,36.00,60.00
8,OL 8-5,32.40,54.00
8,OL 8-6,10.80,18.00
8,OL 8-7,9.00,15.00
8,OL 8-8,7.20,12.00
8,OL 8-9,10.80,18.00
8,OL 8-10,12.60,21.00
8,OL 8-11,12.60,21.00
8,OL 8-12,9.00,15.00
8,OL 8-13,10.80,18.00
8,OL 8-14,7.20,12.00
8,OL 8-15,10.80,18.00
8,OL 8-16,10.80,18.00
8,OL 8-17,10.80,18.00
8,OL 8-18,14.40,24.00
8,OL 8-19,10.80,18.00
8,OL 8-20,10.80,18.00
8,OL 8-21,10.80,18.00
8,OL 8-22,10.80,18.00
8,OL 8-23,14.40,24.00
8,OL 8-24,9.00,15.00
8,OL 8-25,9.00,15.00
8,OL 8-26,14.40,24.00
8,OL 8-27,14.40,24.00
8,OL 8-28,14.40,24.00
8,OL 8-29,14.40,24.00
8,OL 8-30,14.40,24.00
8,OL 8-31,16.20,27.00
8,OL 8-32,16.20,27.00
8,OL 8-33,16.20,27.00
8,OL 8-34,16.20,27.00
8,OL 8-35,18.00,30.00
9,OL 9-1,57.60,96.00
9,OL 9-2,21.60,36.00
9,OL 9-3,36.00,60.00
9,OL 9-4,46.80,78.00
9,OL 9-5,21.60,36.00
9,OL 9-6,25.20,42.00
9,OL 9-7,18.00,30.00
9,OL 9-8,16.80,28.00
9,OL 9-9,27.00,45.00
9,OL 9-10,36.00,60.00
9,OL 9-11,25.20,42.00
9,OL 9-12,28.80,48.00
9,OL 9-13,21.60,36.00
9,OL 9-14,18.00,30.00
9,OL 9-15,25.20,42.00
9,OL 9-16,14.40,24.00
9,OL 9-17,14.40,24.00
9,OL 9-18,36.00,60.00
9,OL 9-19,36.00,60.00
9,OL 9-20,21.60,36.00
9,OL 9-21,25.20,42.00
9,OL 9-22,21.60,36.00
9,OL 9-23,25.20,42.00
10,OL 10-1,10.80,18.00
10,OL 10-2,10.80,18.00
10,OL 10-3,10.80,18.00
10,OL 10-4,10.80,18.00
10,OL 10-5,9.00,15.00
10,OL 10-6,9.00,15.00
10,OL 10-7,9.00,15.00
10,OL 10-8,9.00,15.00
10,OL 10-9,9.00,15.00
10,OL 10-10,9.00,15.00
10,OL 10-11,9.00,15.00
10,OL 10-12,9.00,15.00
10,OL 10-13,9.00,15.00
10,OL 10-14,9.00,15.00
10,OL 10-15,9.00,15.00
10,OL 10-16,9.00,15.00
10,OL 10-17,9.00,15.00
10,OL 10-18,9.00,15.00
10,OL 10-19,9.00,15.00
10,OL 10-20,9.00,15.00
10,OL 10-21,9.00,15.00
10,OL 10-22,9.00,15.00
10,OL 10-23,9.00,15.00
10,OL 10-24,9.00,15.00
10,OL 10-25,10.80,18.00
10,OL 10-26,10.80,18.00
10,OL 10-27,12.60,21.00,
10,OL 10-28,12.60,21.00,
10,OL 10-29,12.60,21.00,
10,OL 10-30,12.60,21.00,
10,OL 10-31,10.80,18.00,
10,OL 10-32,12.60,21.00,
10,OL 10-33,21.60,36.00,
10,OL 10-34,18.00,30.00,
10,OL 10-35,18.00,30.00,
10,OL 10-36,11.50,42.00,JUL-14 2015 BETTY (SE HIZO CONSULTA)
10,OL 10-37,12.60,21.00,
11,OL 11-1,14.40,24.00,
11,OL 11-2,14.40,24.00,
11,OL 11-3,14.40,24.00,
11,OL 11-4,14.40,24.00,
11,OL 11-5,18.00,30.00,
11,OL 11-6,18.00,30.00
11,OL 11-7,18.00,30.00
11,OL 11-8,9.00,15.00
11,OL 11-9,9.00,15.00
11,OL 11-10,9.00,15.00
11,OL 11-11,9.00,15.00
11,OL 11-12,9.00,15.00
11,OL 11-13,9.00,15.00
11,OL 11-14,9.00,15.00
11,OL 11-15,14.40,24.00
11,OL 11-16,16.20,27.00
11,OL 11-17,16.20,27.00
11,OL 11-18,21.60,36.00
11,OL 11-19,28.80,48.00
11,OL 11-20,21.60,36.00
11,OL 11-21,21.60,36.00
11,OL 11-22,25.20,42.00
11,OL 11-23,14.40,24.00
11,OL 11-24,14.40,24.00
11,OL 11-25,18.00,30.00
11,OL 11-26,18.00,30.00
11,OL 11-27,12.60,21.00
11,OL 11-28,21.60,36.00
11,OL 11-29,14.40,24.00
11,OL 11-30,14.40,24.00
11,OL 11-31,14.40,24.00
11,OL 11-32,14.40,24.00
11,OL 11-33,14.40,24.00
11,OL 11-34,18.00,30.00
11,OL 11-35,18.00,30.00
11,OL 11-36,16.20,27.00
11,OL 11-37,16.20,27.00
11,OL 11-38,14.40,24.00
11,OL 11-39,16.20,27.00
11,OL 11-40,16.20,27.00
11,OL 11-41,18.00,30.00
11,OL 11-42,16.20,27.00
12,OL 12-1,18.00,30.00
12,OL 12-2,18.00,30.00
12,OL 12-3,18.00,30.00
12,OL 12-4,19.80,33.00
12,OL 12-5,14.40,24.00
12,OL 12-6,16.20,27.00
12,OL 12-7,16.20,27.00
12,OL 12-8,16.20,27.00
12,OL 12-9,14.40,24.00
12,OL 12-10,25.20,42.00
12,OL 12-11,14.40,24.00
12,OL 12-12,14.40,24.00
12,OL 12-13,19.80,33.00
12,OL 12-14,14.40,24.00
12,OL 12-15,18.00,30.00
12,OL 12-16,14.40,24.00
12,OL 12-17,14.40,24.00
12,OL 12-18,18.00,30.00
12,OL 12-19,14.40,24.00
12,OL 12-20,16.20,27.00
12,OL 12-21,16.20,27.00
12,OL 12-22,21.60,36.00
12,OL 12-23,14.40,24.00
12,OL 12-24,9.00,15.00
12,OL 12-25,18.00,30.00
12,OL 12-26,18.00,30.00
12,OL 12-27,14.40,24.00
12,OL 12-28,9.00,15.00
12,OL 12-29,14.40,24.00
12,OL 12-30,12.60,21.00
12,OL 12-31,12.60,21.00
12,OL 12-32,12.60,21.00
12,OL 12-33,18.00,30.00
12,OL 12-34,9.00,15.00
13,OL 13-1,75.60,126.00
13,OL 13-2,21.60,36.00
13,OL 13-3,21.60,36.00
13,OL 13-4,21.60,36.00
13,OL 13-5,57.60,96.00
13,OL 13-6,57.60,96.00
13,OL 13-7,57.60,96.00
13,OL 13-8,16.20,27.00
13,OL 13-9,7.20,12.00
13,OL 13-10,7.20,12.00
13,OL 13-11,16.20,27.00
13,OL 13-12,7.20,12.00
13,OL 13-13,14.40,24.00
13,OL 13-14,14.40,24.00
13,OL 13-15,18.00,30.00
13,OL 13-16,14.40,24.00
13,OL 13-17,7.20,12.00
13,OL 13-18,7.20,12.00
13,OL 13-19,7.20,12.00
13,OL 13-20,7.20,12.00
13,OL 13-21,16.20,27.00
14,OL 14-1,16.20,27.00
14,OL 14-2,18.00,30.00
14,OL 14-3,16.20,27.00
14,OL 14-4,12.60,21.00
14,OL 14-5,16.20,27.00
14,OL 14-6,12.60,21.00
14,OL 14-7,12.60,21.00
14,OL 14-8,12.60,21.00
14,OL 14-9,21.60,36.00
14,OL 14-10,12.60,21.00
14,OL 14-11,14.40,24.00
14,OL 14-12,10.80,18.00
15,OL 15-1,16.20,27.00
15,OL 15-2,16.20,27.00
15,OL 15-3,16.20,27.00
15,OL 15-4,19.80,33.00
15,OL 15-5,19.80,33.00
15,OL 15-6,19.80,33.00
15,OL 15-7,16.20,27.00
15,OL 15-8,18.00,30.00
15,OL 15-9,18.00,30.00
15,OL 15-10,16.20,27.00
15,OL 15-11,16.20,27.00
15,OL 15-12,18.00,30.00
16,OL 16-1,19.80,33.00
16,OL 16-2,23.40,39.00
16,OL 16-3,23.40,39.00
16,OL 16-4,23.40,39.00
16,OL 16-5,23.40,39.00
16,OL 16-6,23.40,39.00
16,OL 16-7,23.40,39.00
16,OL 16-8,23.40,39.00
16,OL 16-9,23.40,39.00
16,OL 16-10,23.40,39.00
16,OL 16-11,23.40,39.00
16,OL 16-12,23.40,39.00
17,OL 17-1,35.40,59.00
17,OL 17-2,28.80,48.00
17,OL 17-3,28.80,48.00
17,OL 17-4,28.80,48.00
17,OL 17-5,28.80,48.00
17,OL 17-6,28.80,48.00
17,OL 17-7,28.80,48.00
17,OL 17-8,28.80,48.00
17,OL 17-9,28.80,48.00
17,OL 17-10,28.80,48.00
18,OL 18-1,32.40,54.00
18,OL 18-2,32.40,54.00
18,OL 18-3,32.40,54.00
18,OL 18-4,32.40,54.00
18,OL 18-5,32.40,54.00
18,OL 18-6,32.40,54.00
18,OL 18-7,32.40,54.00
18,OL 18-8,32.40,54.00
18,OL 18-9,32.40,54.00
18,OL 18-10,28.80,48.00
18,OL 18-11,32.40,54.00
18,OL 18-12,28.80,48.00
18,OL 18-13,21.60,36.00
19,OL 19-1,12.60,21.00
19,OL 19-2,16.20,27.00
19,OL 19-3,16.20,27.00
19,OL 19-4,12.60,21.00
19,OL 19-5,16.20,27.00
19,OL 19-6,10.80,18.00
19,OL 19-7,14.40,24.00
19,OL 19-8,25.20,42.00
19,OL 19-9,21.60,36.00
20,OL 20-1,17.40,29.00
20,OL 20-2,17.40,29.00
20,OL 20-3,17.40,29.00
20,OL 20-4,17.40,29.00
20,OL 20-5,18.00,30.00
20,OL 20-6,18.00,30.00
20,OL 20-7,17.40,29.00
20,OL 20-8,17.40,29.00
20,OL 20-9,19.80,33.00
20,OL 20-10,17.40,29.00
20,OL 20-11,17.40,29.00
20,OL 20-12,14.40,24.00
20,OL 20-13,23.40,39.00
20,OL 20-14,23.40,39.00
20,OL 20-15,23.40,39.00
20,OL 20-16,23.40,39.00
20,OL 20-17,17.40,29.00
20,OL 20-18,16.20,27.00
20,OL 20-19,16.20,27.00
20,OL 20-20,14.40,24.00
21,OL 21-1,54.00,90.00
21,OL 21-2,18.00,30.00
21,OL 21-3,18.00,30.00
21,OL 21-4,16.80,28.00
21,OL 21-5,16.80,28.00
21,OL 21-6,16.80,28.00
21,OL 21-7,16.80,28.00
21,OL 21-8,18.00,30.00
21,OL 21-9,18.00,30.00
21,OL 21-10,14.40,24.00
21,OL 21-11,14.40,24.00
22,OL 22-1,28.80,48.00
22,OL 22-2,28.80,48.00
22,OL 22-3,28.80,48.00
22,OL 22-4,28.80,48.00
22,OL 22-5,28.80,48.00
22,OL 22-6,28.80,48.00
22,OL 22-7,28.80,48.00
22,OL 22-8,28.80,48.00
22,OL 22-9,28.80,48.00
22,OL 22-10,99.00,165.00
22,OL 22-11,99.00,165.00
22,OL 22-12,99.00,165.00
23,OL 23-1,23.40,39.00
23,OL 23-2,23.40,39.00
23,OL 23-3,23.40,39.00
23,OL 23-4,23.40,39.00
23,OL 23-5,23.40,39.00
23,OL 23-6,17.40,29.00
23,OL 23-7,17.40,29.00
23,OL 23-8,17.40,29.00
23,OL 23-9,17.40,29.00
23,OL 23-10,10.80,18.00
23,OL 23-11,10.80,18.00
23,OL 23-12,10.80,18.00
23,OL 23-13,12.60,21.00
23,OL 23-14,12.60,21.00
24,OL 24-1,30.60,51.00
24,OL 24-2,39.60,66.00
24,OL 24-3,27.00,45.00
24,OL 24-4,25.20,42.00
24,OL 24-5,19.80,33.00
24,OL 24-6,18.00,30.00
24,OL 24-7,25.20,42.00
24,OL 24-8,19.80,33.00
24,OL 24-9,18.00,30.00
24,OL 24-10,25.20,42.00
24,OL 24-11,19.80,33.00
24,OL 24-12,18.00,30.00
24,OL 24-13,19.80,33.00
24,OL 24-14,21.60,36.00
24,OL 24-15,21.60,36.00
24,OL 24-16,21.60,36.00
24,OL 24-17,21.60,36.00
24,OL 24-18,21.60,36.00
24,OL 24-19,21.60,36.00
24,OL 24-20,21.60,36.00
25,OL 25-1,12.60,21.00
25,OL 25-2,16.20,27.00
25,OL 25-3,10.80,18.00
25,OL 25-4,18.00,30.00
25,OL 25-5,18.00,30.00
25,OL 25-6,14.40,24.00
25,OL 25-7,18.00,30.00
25,OL 25-8,16.20,27.00
25,OL 25-9,14.40,24.00
25,OL 25-10,14.40,24.00
25,OL 25-11,14.40,24.00
25,OL 25-12,5.40,9.00
25,OL 25-13,5.40,9.00
25,OL 25-14,5.40,9.00
25,OL 25-15,5.40,9.00
25,OL 25-16,5.40,9.00
25,OL 25-17,7.20,12.00
26,OL 26-1,14.40,24.00
26,OL 26-2,25.20,42.00
26,OL 26-3,14.40,24.00
26,OL 26-4,14.40,24.00
26,OL 26-5,21.60,36.00
26,OL 26-6,18.00,30.00
26,OL 26-7,14.40,24.00
26,OL 26-8,12.60,21.00
26,OL 26-9,12.60,21.00
26,OL 26-10,12.60,21.00
26,OL 26-11,12.60,21.00
26,OL 26-12,12.60,21.00
26,OL 26-13,12.60,21.00
26,OL 26-14,12.60,21.00
26,OL 26-15,12.60,21.00
27,OL 27-1,14.40,24.00
27,OL 27-2,14.40,24.00
27,OL 27-3,39.60,66.00
27,OL 27-4,21.60,36.00
27,OL 27-5,23.40,39.00
27,OL 27-6,23.40,39.00
27,OL 27-7,25.20,42.00
27,OL 27-8,27.00,45.00
27,OL 27-9,21.60,36.00
27,OL 27-10,21.60,36.00
27,OL 27-11,21.60,36.00
27,OL 27-12,21.60,36.00
27,OL 27-13,14.40,24.00
27,OL 27-14,23.40,39.00
28,OL 28-1,18.00,30.00
28,OL 28-2,18.00,30.00
28,OL 28-3,18.00,30.00
28,OL 28-4,18.00,30.00
28,OL 28-5,18.00,30.00
28,OL 28-6,18.00,30.00
28,OL 28-7,18.00,30.00
28,OL 28-8,18.00,30.00
28,OL 28-9,18.00,30.00
28,OL 28-10,14.40,24.00
28,OL 28-11,14.40,24.00
29,OL 29-1,35.40,59.00
29,OL 29-2,39.60,66.00
29,OL 29-3,45.00,75.00
29,OL 29-4,21.60,36.00
29,OL 29-5,14.40,24.00
29,OL 29-6,16.20,27.00
29,OL 29-7,32.40,54.00
29,OL 29-8,35.40,59.00
29,OL 29-9,21.60,36.00
29,OL 29-10,16.20,27.00
30,OL 30-1,14.40,24.00
30,OL 30-2,57.60,96.00
30,OL 30-3,14.40,24.00
30,OL 30-4,14.40,24.00
30,OL 30-5,14.40,24.00
30,OL 30-6,10.80,18.00
30,OL 30-7,14.40,24.00
30,OL 30-8,14.40,24.00
30,OL 30-9,12.60,21.00
30,OL 30-10,16.20,27.00
30,OL 30-11,16.20,27.00
30,OL 30-12,16.20,27.00
30,OL 30-13,16.20,27.00
30,OL 30-14,12.60,21.00
30,OL 30-15,21.60,36.00
30,OL 30-16,21.60,36.00
30,OL 30-17,21.60,36.00
30,OL 30-18,21.60,36.00
30,OL 30-19,36.00,60.00
30,OL 30-20,21.60,36.00
31,OL 31-1,10.80,18.00
31,OL 31-2,14.40,24.00
31,OL 31-3,14.40,24.00
31,OL 31-4,36.00,60.00
31,OL 31-5,21.60,36.00
31,OL 31-6,18.00,30.00
31,OL 31-7,18.00,30.00
31,OL 31-8,16.20,27.00
31,OL 31-9,18.00,30.00
32,OL 32-1,25.20,42.00
32,OL 32-2,36.00,60.00
32,OL 32-3,34.20,57.00
32,OL 32-4,25.20,42.00
32,OL 32-5,27.00,45.00
32,OL 32-6,14.40,24.00
32,OL 32-7,18.00,30.00
33,OL 33-1,18.00,30.00
33,OL 33-2,18.00,30.00
33,OL 33-3,18.00,30.00
33,OL 33-4,18.00,30.00
33,OL 33-5,30.60,51.00
33,OL 33-6,34.20,57.00
33,OL 33-7,14.40,24.00
33,OL 33-8,12.60,21.00
33,OL 33-9,14.40,24.00
34,OL 34-1,14.40,24.00
34,OL 34-2,14.40,24.00
34,OL 34-3,14.40,24.00
34,OL 34-4,14.40,24.00
34,OL 34-5,14.40,24.00
34,OL 34-6,14.40,24.00
34,OL 34-7,14.40,24.00
34,OL 34-8,14.40,24.00
34,OL 34-9,14.40,24.00
35,OL 35-1,16.20,27.00
35,OL 35-2,14.40,24.00
35,OL 35-3,10.80,18.00
35,OL 35-4,12.60,21.00
35,OL 35-5,16.20,27.00
35,OL 35-6,10.80,18.00
35,OL 35-7,21.60,36.00
35,OL 35-8,14.40,24.00
35,OL 35-9,12.60,21.00
36,OL 36-1,12.60,21.00
36,OL 36-2,14.40,24.00
36,OL 36-3,10.80,18.00
36,OL 36-4,10.80,18.00
36,OL 36-5,10.80,18.00
36,OL 36-6,19.80,33.00
36,OL 36-7,16.20,27.00
37,OL 37-1,16.20,27.00
37,OL 37-2,12.60,21.00
37,OL 37-3,10.80,18.00
37,OL 37-4,16.20,27.00
37,OL 37-5,12.60,21.00
37,OL 37-6,14.40,24.00
37,OL 37-7,14.40,24.00
37,OL 37-8,10.80,18.00
37,OL 37-9,10.80,18.00
37,OL 37-10,10.80,18.00
37,OL 37-11,10.80,18.00
37,OL 37-12,10.80,18.00
37,OL 37-13,10.80,18.00
37,OL 37-14,10.80,18.00
37,OL 37-15,10.80,18.00
38,OL 38-1,25.20,42.00
38,OL 38-2,25.20,42.00
38,OL 38-3,25.20,42.00
38,OL 38-4,14.40,24.00
38,OL 38-5,14.40,24.00
38,OL 38-6,14.40,24.00
38,OL 38-7,14.40,24.00
38,OL 38-8,14.40,24.00
38,OL 38-9,14.40,24.00
38,OL 38-10,14.40,24.00
38,OL 38-11,14.40,24.00
38,OL 38-12,14.40,24.00
38,OL 38-13,14.40,24.00
38,OL 38-14,14.40,24.00
38,OL 38-15,14.40,24.00
38,OL 38-16,14.40,24.00
38,OL 38-17,14.40,24.00
39,OL 39-1,19.80,33.00
39,OL 39-2,28.80,48.00
39,OL 39-3,16.20,27.00
39,OL 39-4,18.00,30.00
39,OL 39-5,21.60,36.00
39,OL 39-6,21.60,36.00
39,OL 39-7,21.60,36.00
39,OL 39-8,14.40,24.00
39,OL 39-9,14.40,24.00
39,OL 39-10,14.40,24.00
39,OL 39-11,14.40,24.00
39,OL 39-12,14.40,24.00
39,OL 39-13,12.60,21.00
39,OL 39-14,12.60,21.00
39,OL 39-15,13.20,22.00
39,OL 39-16,14.40,24.00
39,OL 39-17,14.40,24.00
39,OL 39-18,23.40,39.00
39,OL 39-19,14.40,24.00
39,OL 39-20,14.40,24.00
39,OL 39-21,14.40,24.00
40,OL 40-1,14.40,24.00
40,OL 40-2,14.40,24.00
40,OL 40-3,21.60,36.00
40,OL 40-4,21.60,36.00
40,OL 40-5,10.80,18.00
40,OL 40-6,14.40,24.00
40,OL 40-7,14.40,24.00
40,OL 40-8,14.40,24.00
40,OL 40-9,14.40,24.00
40,OL 40-10,10.80,18.00
40,OL 40-11,10.80,18.00
40,OL 40-12,10.80,18.00
40,OL 40-13,12.60,21.00
40,OL 40-14,10.80,18.00
41,OL 41-1,14.40,24.00
41,OL 41-2,14.40,24.00
41,OL 41-3,10.80,18.00
41,OL 41-4,14.40,24.00
41,OL 41-5,14.40,24.00
41,OL 41-6,9.00,15.00
41,OL 41-7,12.60,21.00
41,OL 41-8,16.20,27.00
41,OL 41-9,10.80,18.00
41,OL 41-10,10.80,18.00
41,OL 41-11,10.80,18.00
41,OL 41-12,10.80,18.00
42,OL 42-1,28.80,48.00
42,OL 42-2,21.60,36.00
42,OL 42-3,28.80,48.00
42,OL 42-4,21.60,36.00
42,OL 42-5,18.00,30.00
42,OL 42-6,25.20,42.00
42,OL 42-7,18.00,30.00
42,OL 42-8,25.20,42.00
42,OL 42-9,18.00,30.00
42,OL 42-10,21.60,36.00
42,OL 42-11,14.40,24.00
42,OL 42-12,25.20,42.00
42,OL 42-13,19.80,33.00
43,OL 43-1,21.60,36.00
43,OL 43-2,28.80,48.00
43,OL 43-3,18.00,30.00
43,OL 43-4,14.40,24.00
43,OL 43-5,28.80,48.00
43,OL 43-6,25.20,42.00
43,OL 43-7,28.80,48.00
43,OL 43-8,18.00,30.00
43,OL 43-9,18.00,30.00
43,OL 43-10,14.40,24.00
43,OL 43-11,16.80,28.00
43,OL 43-12,25.20,42.00
43,OL 43-13,18.00,30.00
44,OL 44-1,18.00,30.00
44,OL 44-2,21.60,36.00
44,OL 44-3,28.80,48.00
44,OL 44-4,21.60,36.00
44,OL 44-5,14.40,24.00
44,OL 44-6,18.00,30.00
44,OL 44-7,18.00,30.00
44,OL 44-8,14.40,24.00
44,OL 44-9,18.00,30.00
44,OL 44-10,18.00,30.00
44,OL 44-11,18.00,30.00
44,OL 44-12,18.00,30.00
44,OL 44-13,21.60,36.00
44,OL 44-14,14.40,24.00
44,OL 44-15,18.00,30.00
45,OL 45-1,16.20,27.00
45,OL 45-2,21.60,36.00
45,OL 45-3,18.00,30.00
45,OL 45-4,21.60,36.00
45,OL 45-5,18.00,30.00
45,OL 45-6,18.00,30.00
45,OL 45-7,21.60,36.00
45,OL 45-8,14.40,24.00
45,OL 45-9,18.00,30.00
45,OL 45-10,21.60,36.00
45,OL 45-11,14.40,24.00
45,OL 45-12,19.80,33.00
45,OL 45-13,16.20,27.00
45,OL 45-14,25.20,42.00
45,OL 45-15,16.20,27.00
46,OL 46-1,16.20,27.00
46,OL 46-2,10.80,18.00
46,OL 46-3,9.00,15.00
46,OL 46-4,12.60,21.00
46,OL 46-5,9.00,15.00
46,OL 46-6,10.80,18.00
46,OL 46-7,9.00,15.00
46,OL 46-8,10.80,18.00
46,OL 46-9,9.00,15.00
46,OL 46-10,9.00,15.00
46,OL 46-11,10.80,18.00
46,OL 46-12,9.00,15.00
46,OL 46-13,9.00,15.00
46,OL 46-14,9.00,15.00
46,OL 46-15,9.00,15.00
47,OL 47-1,14.40,24.00
47,OL 47-2,14.40,24.00
47,OL 47-3,14.40,24.00
47,OL 47-4,14.40,24.00
47,OL 47-5,14.40,24.00
47,OL 47-6,14.40,24.00
47,OL 47-7,10.80,18.00
47,OL 47-8,14.40,24.00
47,OL 47-9,16.20,27.00
47,OL 47-10,16.20,27.00
47,OL 47-11,10.80,18.00
47,OL 47-12,10.80,18.00
48,OL 48-1,12.60,21.00
48,OL 48-2,12.60,21.00
48,OL 48-3,14.40,24.00
48,OL 48-4,12.60,21.00
48,OL 48-5,10.80,18.00
48,OL 48-6,14.40,24.00
48,OL 48-7,14.40,24.00
48,OL 48-8,12.60,21.00
48,OL 48-9,14.40,24.00
48,OL 48-10,12.60,21.00
48,OL 48-11,10.80,18.00
48,OL 48-12,10.80,18.00
48,OL 48-13,10.80,18.00
48,OL 48-14,10.80,18.00
48,OL 48-15,12.60,21.00
48,OL 48-16,12.60,21.00
48,OL 48-17,9.00,15.00
48,OL 48-18,12.60,21.00
48,OL 48-19,12.60,21.00
48,OL 48-20,10.80,18.00
48,OL 48-21,10.80,18.00
48,OL 48-22,7.20,12.00
48,OL 48-23,12.60,21.00
48,OL 48-24,10.80,18.00
48,OL 48-25,10.80,18.00
48,OL 48-26,14.40,24.00
48,OL 48-27,10.80,18.00
49,OL 49-1,12.60,21.00
49,OL 49-2,10.80,18.00
49,OL 49-3,10.80,18.00
49,OL 49-4,10.80,18.00
49,OL 49-5,10.80,18.00
49,OL 49-6,10.80,18.00
49,OL 49-7,12.60,21.00
49,OL 49-8,10.80,18.00
49,OL 49-9,10.80,18.00
49,OL 49-10,10.80,18.00
49,OL 49-11,10.80,18.00
49,OL 49-12,12.60,21.00
49,OL 49-13,9.00,15.00
49,OL 49-14,9.00,15.00
49,OL 49-15,12.60,21.00
49,OL 49-16,10.80,18.00
49,OL 49-17,10.80,18.00
49,OL 49-18,8.40,14.00
49,OL 49-19,9.00,15.00
49,OL 49-20,10.80,18.00
49,OL 49-21,10.80,18.00
49,OL 49-22,10.80,18.00
49,OL 49-23,12.60,21.00
49,OL 49-24,14.40,24.00
49,OL 49-25,14.40,24.00
49,OL 49-26,12.60,21.00
49,OL 49-27,14.40,24.00
49,OL 49-28,10.80,18.00
49,OL 49-29,14.40,24.00
49,OL 49-30,9.00,15.00
49,OL 49-31,10.80,18.00
49,OL 49-32,10.80,18.00
49,OL 49-33,10.80,18.00
49,OL 49-34,7.20,12.00
49,OL 49-35,10.80,18.00
49,OL 49-36,10.80,18.00
49,OL 49-37,12.60,21.00
49,OL 49-38,12.60,21.00
49,OL 49-39,12.60,21.00
49,OL 49-40,12.60,21.00
50,OL 50-1,10.80,18.00
50,OL 50-2,10.80,18.00
50,OL 50-3,10.80,18.00
50,OL 50-4,10.80,18.00
50,OL 50-5,10.80,18.00
50,OL 50-6,10.80,18.00
50,OL 50-7,10.80,18.00
50,OL 50-8,9.00,15.00
50,OL 50-9,9.00,15.00
50,OL 50-10,9.00,15.00
50,OL 50-11,9.00,15.00
50,OL 50-12,9.00,15.00
50,OL 50-13,9.00,15.00
50,OL 50-14,9.00,15.00
50,OL 50-15,9.00,15.00
50,OL 50-16,9.00,15.00
50,OL 50-17,9.00,15.00
50,OL 50-18,9.00,15.00
50,OL 50-19,9.00,15.00
50,OL 50-20,9.00,15.00
50,OL 50-21,9.00,15.00
50,OL 50-22,9.00,15.00
50,OL 50-23,9.00,15.00
50,OL 50-24,9.00,15.00
50,OL 50-25,9.00,15.00
50,OL 50-26,9.00,15.00
50,OL 50-27,9.00,15.00
50,OL 50-28,9.00,15.00
50,OL 50-29,9.00,15.00
50,OL 50-30,9.00,15.00
50,OL 50-31,9.00,15.00
50,OL 50-32,9.00,15.00
50,OL 50-33,9.00,15.00
50,OL 50-34,9.00,15.00
50,OL 50-35,9.00,15.00
50,OL 50-36,9.00,15.00
50,OL 50-37,9.00,15.00
50,OL 50-38,9.00,15.00
50,OL 50-39,9.00,15.00
50,OL 50-40,9.00,15.00
50,OL 50-41,9.00,15.00
50,OL 50-42,9.00,15.00
50,OL 50-43,9.00,15.00
50,OL 50-44,9.00,15.00
50,OL 50-45,9.00,15.00
50,OL 50-46,9.00,15.00
50,OL 50-47,9.00,15.00
50,OL 50-48,9.00,15.00
50,OL 50-49,9.00,15.00
51,OL 51-1,9.00,15.00
51,OL 51-2,9.00,15.00
51,OL 51-3,9.00,15.00
51,OL 51-4,9.00,15.00
51,OL 51-5,9.00,15.00
51,OL 51-6,9.00,15.00
51,OL 51-7,9.00,15.00
51,OL 51-8,9.00,15.00
51,OL 51-9,9.00,15.00
51,OL 51-10,9.00,15.00
51,OL 51-11,9.00,15.00
51,OL 51-12,9.00,15.00
51,OL 51-13,9.00,15.00
51,OL 51-14,9.00,15.00
51,OL 51-15,9.00,15.00
51,OL 51-16,9.00,15.00
51,OL 51-17,9.00,15.00
51,OL 51-18,9.00,15.00
51,OL 51-19,9.00,15.00
51,OL 51-20,9.00,15.00
51,OL 51-21,9.00,15.00
51,OL 51-22,9.00,15.00
51,OL 51-23,9.00,15.00
51,OL 51-24,9.00,15.00
51,OL 51-25,9.00,15.00
51,OL 51-26,9.00,15.00
51,OL 51-27,9.00,15.00
51,OL 51-28,9.00,15.00
51,OL 51-29,9.00,15.00
51,OL 51-30,9.00,15.00
51,OL 51-31,9.00,15.00
51,OL 51-32,9.00,15.00
51,OL 51-33,9.00,15.00
51,OL 51-34,9.00,15.00
51,OL 51-35,9.00,15.00
51,OL 51-36,9.00,15.00
51,OL 51-37,9.00,15.00
51,OL 51-38,9.00,15.00
51,OL 51-39,9.00,15.00
51,OL 51-40,9.00,15.00
51,OL 51-41,9.00,15.00
51,OL 51-42,9.00,15.00
51,OL 51-43,9.00,15.00
51,OL 51-44,9.00,15.00
51,OL 51-45,9.00,15.00
51,OL 51-46,9.00,15.00
51,OL 51-47,9.00,15.00
51,OL 51-48,9.00,15.00
51,OL 51-49,9.00,15.00
51,OL 51-50,9.00,15.00
51,OL 51-51,9.00,15.00
51,OL 51-52,9.00,15.00
51,OL 51-53,9.00,15.00
51,OL 51-54,9.00,15.00
51,OL 51-55,9.00,15.00
52,OL 52-1,10.80,18.00
52,OL 52-2,12.60,21.00
52,OL 52-3,14.40,24.00
52,OL 52-4,16.20,27.00
52,OL 52-5,10.80,18.00
52,OL 52-6,12.60,21.00
52,OL 52-7,14.40,24.00
52,OL 52-8,16.20,27.00
52,OL 52-9,16.20,27.00
52,OL 52-10,14.40,24.00
52,OL 52-11,12.60,21.00
52,OL 52-12,12.60,21.00
52,OL 52-13,10.80,18.00
52,OL 52-14,10.80,18.00
52,OL 52-15,12.60,21.00
52,OL 52-16,10.80,18.00
52,OL 52-17,10.80,18.00
52,OL 52-18,10.80,18.00
52,OL 52-19,16.20,27.00
52,OL 52-20,12.60,21.00
52,OL 52-21,10.80,18.00
52,OL 52-22,10.80,18.00
52,OL 52-23,10.80,18.00
52,OL 52-24,9.00,15.00
52,OL 52-25,10.80,18.00
52,OL 52-26,9.00,15.00
52,OL 52-27,7.20,12.00
52,OL 52-28,10.80,18.00
52,OL 52-29,10.80,18.00
53,OL 53-1,30.60,51.00
53,OL 53-2,25.20,42.00
53,OL 53-3,19.80,33.00
53,OL 53-4,14.40,24.00
53,OL 53-5,12.60,21.00
53,OL 53-6,9.00,15.00
53,OL 53-7,10.80,18.00
53,OL 53-8,12.60,21.00
53,OL 53-9,16.20,27.00
53,OL 53-10,21.60,36.00
53,OL 53-11,14.40,24.00
53,OL 53-12,16.20,27.00
53,OL 53-13,16.20,27.00
53,OL 53-14,16.20,27.00
53,OL 53-15,14.40,24.00
53,OL 53-16,14.40,24.00
53,OL 53-17,12.60,21.00
53,OL 53-18,10.80,18.00
53,OL 53-19,10.80,18.00
53,OL 53-20,10.80,18.00
53,OL 53-21,10.80,18.00
53,OL 53-22,10.80,18.00
53,OL 53-23,10.80,18.00
53,OL 53-24,9.00,15.00
53,OL 53-25,7.20,12.00
53,OL 53-26,7.20,12.00
53,OL 53-27,7.20,12.00
53,OL 53-28,14.40,24.00
53,OL 53-29,16.20,27.00
54,OL 54-1,18.00,30.00
54,OL 54-2,18.00,30.00
54,OL 54-3,14.40,24.00
54,OL 54-4,14.40,24.00
54,OL 54-5,18.00,30.00
54,OL 54-6,18.00,30.00
54,OL 54-7,14.40,24.00
54,OL 54-8,18.00,30.00
54,OL 54-9,18.00,30.00
54,OL 54-10,18.00,30.00
54,OL 54-11,18.00,30.00
55,OL 55-1,18.00,30.00
55,OL 55-2,18.00,30.00
55,OL 55-3,14.40,24.00
55,OL 55-4,14.40,24.00
55,OL 55-5,18.00,30.00
55,OL 55-6,18.00,30.00
55,OL 55-7,14.40,24.00
55,OL 55-8,18.00,30.00
55,OL 55-9,18.00,30.00
55,OL 55-10,18.00,30.00
55,OL 55-11,18.00,30.00
56,OL 56-1,12.60,21.00
56,OL 56-2,12.60,21.00
56,OL 56-3,10.80,18.00
56,OL 56-4,18.00,30.00
56,OL 56-5,18.00,30.00
56,OL 56-6,18.00,30.00
56,OL 56-7,10.80,18.00
56,OL 56-8,18.00,30.00
56,OL 56-9,18.00,30.00
56,OL 56-10,18.00,30.00
56,OL 56-11,16.20,27.00
56,OL 56-12,18.00,30.00
56,OL 56-13,12.60,21.00
56,OL 56-14,12.60,21.00
56,OL 56-15,12.60,21.00
57,OL 57-1,14.40,24.00
57,OL 57-2,18.00,30.00
57,OL 57-3,18.00,30.00
57,OL 57-4,18.00,30.00
57,OL 57-5,18.00,30.00
57,OL 57-6,14.40,24.00
57,OL 57-7,14.40,24.00
57,OL 57-8,18.00,30.00
57,OL 57-9,18.00,30.00
57,OL 57-10,18.00,30.00
57,OL 57-11,14.40,24.00
57,OL 57-12,14.40,24.00
58,OL 58-1,10.80,18.00
58,OL 58-2,9.00,15.00
58,OL 58-3,8.40,14.00
58,OL 58-4,7.80,13.00
58,OL 58-5,7.20,12.00
58,OL 58-6,6.60,11.00
58,OL 58-7,6.60,11.00
58,OL 58-8,6.60,11.00
58,OL 58-9,7.20,12.00
58,OL 58-10,7.80,13.00
58,OL 58-11,8.40,14.00
58,OL 58-12,9.00,15.00
58,OL 58-13,14.40,24.00
58,OL 58-14,13.20,22.00
58,OL 58-15,12.00,20.00
58,OL 58-16,10.80,18.00
58,OL 58-17,9.60,16.00
58,OL 58-18,8.40,14.00
58,OL 58-19,10.80,18.00
58,OL 58-20,12.60,21.00
58,OL 58-21,14.40,24.00
58,OL 58-22,25.20,42.00
59,OL 59-1,48.60,81.00
59,OL 59-2,48.60,81.00
59,OL 59-3,48.60,81.00
59,OL 59-4,48.60,81.00
59,OL 59-5,48.60,81.00
59,OL 59-6,23.40,39.00
59,OL 59-7,23.40,39.00
59,OL 59-8,23.40,39.00
59,OL 59-9,23.40,39.00
59,OL 59-10,23.40,39.00
59,OL 59-11,23.40,39.00
59,OL 59-12,23.40,39.00
59,OL 59-13,12.60,21.00
59,OL 59-14,12.60,21.00
59,OL 59-15,21.60,36.00
60,OL 60-1,16.20,27.00
60,OL 60-2,31.20,52.00
60,OL 60-3,12.60,21.00
60,OL 60-4,10.80,18.00
60,OL 60-5,31.20,52.00
60,OL 60-6,23.40,39.00
60,OL 60-7,23.40,39.00
60,OL 60-8,25.20,42.00
60,OL 60-9,27.00,45.00
60,OL 60-10,23.40,39.00
60,OL 60-11,14.40,24.00
60,OL 60-12,12.60,21.00
60,OL 60-13,18.00,30.00
60,OL 60-14,25.20,42.00
60,OL 60-15,25.20,42.00
60,OL 60-16,16.20,27.00
61,OL 61-1,36.00,60.00
61,OL 61-2,28.80,48.00
61,OL 61-3,28.80,48.00
61,OL 61-4,21.60,36.00
61,OL 61-5,39.60,66.00
61,OL 61-6,16.20,27.00
61,OL 61-7,43.20,72.00
61,OL 61-8,18.00,30.00
61,OL 61-9,18.00,30.00
61,OL 61-10,14.40,24.00
61,OL 61-11,18.00,30.00
61,OL 61-12,14.40,24.00
61,OL 61-13,14.40,24.00
62,OL 62-1,36.00,60.00
62,OL 62-2,16.20,27.00
62,OL 62-3,21.60,36.00
62,OL 62-4,21.60,36.00
62,OL 62-5,28.80,48.00
62,OL 62-6,14.40,24.00
62,OL 62-7,14.40,24.00
62,OL 62-8,14.40,24.00
62,OL 62-9,14.40,24.00
63,OL 63-1,14.40,24.00
63,OL 63-2,14.40,24.00
63,OL 63-3,14.40,24.00
63,OL 63-4,14.40,24.00
63,OL 63-5,16.20,27.00
64,OL 64-1,16.20,27.00
64,OL 64-2,16.20,27.00
64,OL 64-3,16.20,27.00
64,OL 64-4,16.20,27.00
64,OL 64-5,16.20,27.00
64,OL 64-6,16.20,27.00
64,OL 64-7,16.20,27.00
64,OL 64-8,16.20,27.00
64,OL 64-9,16.20,27.00
64,OL 64-10,16.20,27.00
64,OL 64-11,12.60,21.00
64,OL 64-12,14.40,24.00
64,OL 64-13,21.60,36.00
64,OL 64-14,7.20,12.00
64,OL 64-15,7.20,12.00
64,OL 64-16,7.20,12.00
64,OL 64-17,7.20,12.00
64,OL 64-18,12.60,21.00
64,OL 64-19,7.20,12.00
64,OL 64-20,7.20,12.00
64,OL 64-21,7.20,12.00
64,OL 64-22,7.20,12.00
64,OL 64-23,7.20,12.00
65,OL 65-1,14.40,24.00
65,OL 65-2,14.40,24.00
65,OL 65-3,14.40,24.00
65,OL 65-4,14.40,24.00
65,OL 65-5,14.40,24.00
65,OL 65-6,14.40,24.00
65,OL 65-7,14.40,24.00
65,OL 65-8,14.40,24.00
65,OL 65-9,14.40,24.00
65,OL 65-10,14.40,24.00
65,OL 65-11,14.40,24.00
65,OL 65-12,14.40,24.00
65,OL 65-13,14.40,24.00
65,OL 65-14,14.40,24.00
65,OL 65-15,14.40,24.00
65,OL 65-16,14.40,24.00
66,OL 66-1,21.60,36.00
66,OL 66-2,21.60,36.00
66,OL 66-3,21.60,36.00
66,OL 66-4,21.60,36.00
66,OL 66-5,18.00,30.00
66,OL 66-6,18.00,30.00
66,OL 66-7,18.00,30.00
66,OL 66-8,14.40,24.00
66,OL 66-9,28.80,48.00
66,OL 66-10,28.80,48.00
66,OL 66-11,14.40,24.00
66,OL 66-12,14.40,24.00
67,OL 67-1,21.60,36.00
67,OL 67-2,21.60,36.00
67,OL 67-3,21.60,36.00
67,OL 67-4,14.40,24.00
67,OL 67-5,14.40,24.00
67,OL 67-6,14.40,24.00
67,OL 67-7,14.40,24.00
67,OL 67-8,14.40,24.00
67,OL 67-9,14.40,24.00
67,OL 67-10,14.40,24.00
67,OL 67-11,14.40,24.00
67,OL 67-12,14.40,24.00
67,OL 67-13,14.40,24.00
67,OL 67-14,14.40,24.00
67,OL 67-15,14.40,24.00
67,OL 67-16,14.40,24.00
68,OL 68-1 ORO DE 14K,40.50,54.00
68,OL 68-2 ORO DE 14K,56.25,75.00
68,OL 68-3 ORO DE 14K,58.50,78.00
68,OL 68-4 ORO DE 14K,56.25,75.00
68,OL 68-5 ORO DE 14K,56.25,75.00
68,OL 68-6 ORO DE 14K,51.75,69.00
68,OL 68-7 ORO DE 14K,56.25,75.00
68,OL 68-8 ORO DE 14K,51.75,69.00
68,OL 68-9 ORO DE 14K,54.00,72.00
68,OL 68-10 ORO DE 14K,51.75,69.00
68,OL 68-11 ORO DE 14K,45.00,60.00
68,OL 68-12 ORO DE 14K,40.50,54.00
68,OL 68-13 ORO DE 14K,31.50,42.00
68,OL 68-14 ORO DE 14K,51.75,69.00
68,OL 68-15 ORO DE 14K,51.75,69.00
68,OL 68-16 ORO DE 14K,48.00,64.00
68,OL 68-17 ORO DE 14K,51.75,69.00
68,OL 68-18 ORO DE 14K,43.50,58.00
68,OL 68-19 ORO DE 14K,40.50,54.00
68,OL 68-20 ORO DE 14K,31.50,42.00
68,OL 68-21 ORO DE 14K,29.25,39.00
68,OL 68-22 ORO DE 14K,28.50,38.00
68,OL 68-23 ORO DE 14K,29.25,39.00
68,OL 68-24 ORO DE 14K,29.25,39.00
68,OL 68-25 ORO DE 14K,28.50,38.00
68,OL 68-26 ORO DE 14K,33.75,45.00
68,OL 68-27 ORO DE 14K,33.75,45.00
68,OL 68-28 ORO DE 14K,42.00,56.00
68,OL 68-29 ORO DE 14K,36.00,48.00
68,OL 68-30 ORO DE 14K,38.25,51.00
68,OL 68-31 ORO DE 14K,36.00,48.00
68,OL 68-32 ORO DE 14K,40.50,54.00
68,OL 68-33 ORO DE 14K,33.75,45.00
68,OL 68-34 ORO DE 14K,29.25,39.00
68,OL 68-35 ORO DE 14K,37.50,50.00
68,OL 68-36 ORO DE 14K,37.50,50.00
68,OL 68-37 ORO DE 14K,30.75,41.00
68,OL 68-38 ORO DE 14K,29.25,39.00
68,OL 68-39 ORO DE 14K,33.75,45.00
68,OL 68-40 ORO DE 14K,31.50,42.00
68,OL 68-41 ORO DE 14K,33.75,45.00
68,OL 68-42 ORO DE 14K,36.00,48.00
68,OL 68-43 ORO DE 14K,33.75,45.00
68,OL 68-44 ORO DE 14K,36.00,48.00
68,OL 68-45 ORO DE 14K,31.50,42.00
68,OL 68-46 ORO DE 14K,33.75,45.00
68,OL 68-47 ORO DE 14K,33.00,44.00
68,OL 68-48 ORO DE 14K,31.50,42.00
69,OL 69-1 ORO DE 14K,51.75,69.00
69,OL 69-2 ORO DE 14K,51.75,69.00
69,OL 69-3 ORO DE 14K,51.75,69.00
69,OL 69-4 ORO DE 14K,35.25,47.00
69,OL 69-5 ORO DE 14K,28.50,38.00
69,OL 69-6 ORO DE 14K,33.75,45.00
69,OL 69-7 ORO DE 14K,28.50,38.00
69,OL 69-8 ORO DE 14K,40.50,54.00
69,OL 69-9 ORO DE 14K,29.25,39.00
69,OL 69-10 ORO DE 14K,36.00,48.00
69,OL 69-11 ORO DE 14K,31.50,42.00
69,OL 69-12 ORO DE 14K,31.50,42.00
69,OL 69-13 ORO DE 14K,22.50,30.00
69,OL 69-14 ORO DE 14K,18.00,24.00
69,OL 69-15 ORO DE 14K,36.00,48.00
69,OL 69-16 ORO DE 14K,30.75,41.00
69,OL 69-17 ORO DE 14K,24.75,33.00
69,OL 69-18 ORO DE 14K,27.00,36.00
69,OL 69-19 ORO DE 14K,24.75,33.00
69,OL 69-20 ORO DE 14K,29.25,39.00
69,OL 69-21 ORO DE 14K,27.00,36.00
69,OL 69-22 ORO DE 14K,28.50,38.00
69,OL 69-23 ORO DE 14K,24.75,33.00
69,OL 69-24 ORO DE 14K,22.50,30.00
69,OL 69-25 ORO DE 14K,21.75,29.00
69,OL 69-26 ORO DE 14K,28.50,38.00
69,OL 69-27 ORO DE 14K,22.50,30.00
69,OL 69-28 ORO DE 14K,31.50,42.00
69,OL 69-29 ORO DE 14K,45.00,60.00
69,OL 69-30 ORO DE 14K,40.50,54.00
69,OL 69-31 ORO DE 14K,28.50,38.00
69,OL 69-32 ORO DE 14K,31.50,42.00
69,OL 69-33 ORO DE 14K,27.75,37.00
69,OL 69-34 ORO DE 14K,24.75,33.00
69,OL 69-35 ORO DE 14K,24.75,33.00
69,OL 69-36 ORO DE 14K,22.50,30.00
69,OL 69-37 ORO DE 14K,21.75,29.00
69,OL 69-38 ORO DE 14K,17.25,23.00
69,OL 69-39 ORO DE 14K,37.50,50.00
69,OL 69-40 ORO DE 14K,31.50,42.00
69,OL 69-41 ORO DE 14K,30.75,41.00
69,OL 69-42 ORO DE 14K,30.75,41.00
69,OL 69-43 ORO DE 14K,33.75,45.00
69,OL 69-44 ORO DE 14K,33.75,45.00
69,OL 69-45 ORO DE 14K,33.75,45.00
69,OL 69-46 ORO DE 14K,33.75,45.00
69,OL 69-47 ORO DE 14K,33.75,45.00
69,OL 69-48 ORO DE 14K,33.75,45.00
69,OL 69-49 ORO DE 14K,33.75,45.00
69,OL 69-50 ORO DE 14K,30.75,41.00
69,OL 69-51 ORO DE 14K,30.75,41.00
69,OL 69-52 ORO DE 14K,30.75,41.00
69,OL 69-53 ORO DE 14K,28.50,38.00
69,OL 69-54 ORO DE 14K,33.75,45.00
69,OL 69-55 ORO DE 14K,33.75,45.00
69,OL 69-56 ORO DE 14K,33.75,45.00
70,OL 70-1 ORO DE 14K,45.00,60.00
70,OL 70-2 ORO DE 14K,45.00,60.00
70,OL 70-3 ORO DE 14K,51.75,69.00
70,OL 70-4 ORO DE 14K,33.75,45.00
70,OL 70-5 ORO DE 14K,60.75,81.00
70,OL 70-6 ORO DE 14K,40.50,54.00
70,OL 70-7 ORO DE 14K,49.50,66.00
70,OL 70-8 ORO DE 14K,31.50,42.00
70,OL 70-9 ORO DE 14K,31.50,42.00
70,OL 70-10 ORO DE 14K,40.50,54.00
70,OL 70-11 ORO DE 14K,45.00,60.00
70,OL 70-12 ORO DE 14K,37.50,50.00
70,OL 70-13 ORO DE 14K,33.75,45.00
70,OL 70-14 ORO DE 14K,40.50,54.00
70,OL 70-15 ORO DE 14K,38.25,51.00
70,OL 70-16 ORO DE 14K,36.75,49.00
70,OL 70-17 ORO DE 14K,36.00,48.00
70,OL 70-18 ORO DE 14K,45.00,60.00
70,OL 70-19 ORO DE 14K,38.25,51.00
70,OL 70-20 ORO DE 14K,29.25,39.00
70,OL 70-21 ORO DE 14K,31.50,42.00
70,OL 70-22 ORO DE 14K,40.50,54.00
70,OL 70-23 ORO DE 14K,49.50,66.00
70,OL 70-24 ORO DE 14K,35.25,47.00
70,OL 70-25 ORO DE 14K,30.75,41.00
70,OL 70-26 ORO DE 14K,40.50,54.00
70,OL 70-27 ORO DE 14K,31.50,42.00
70,OL 70-28 ORO DE 14K,28.50,38.00
70,OL 70-29 ORO DE 14K,33.75,45.00
70,OL 70-30 ORO DE 14K,27.00,36.00
70,OL 70-31 ORO DE 14K,20.25,27.00
70,OL 70-32 ORO DE 14K,24.75,33.00
70,OL 70-33 ORO DE 14K,24.75,33.00
70,OL 70-34 ORO DE 14K,27.00,36.00
70,OL 70-35 ORO DE 14K,19.50,26.00
70,OL 70-36 ORO DE 14K,27.00,36.00
70,OL 70-37 ORO DE 14K,58.50,78.00
70,OL 70-38 ORO DE 14K,45.00,60.00
70,OL 70-39 ORO DE 14K,40.50,54.00
70,OL 70-40 ORO DE 14K,33.75,45.00
70,OL 70-41 ORO DE 14K,37.50,50.00
70,OL 70-42 ORO DE 14K,35.25,47.00
70,OL 70-43 ORO DE 14K,45.00,60.00
70,OL 70-44 ORO DE 14K,36.00,48.00
70,OL 70-45 ORO DE 14K,38.25,51.00
70,OL 70-46 ORO DE 14K,33.75,45.00
70,OL 70-47 ORO DE 14K,36.75,49.00
70,OL 70-48 ORO DE 14K,33.75,45.00
70,OL 70-49 ORO DE 14K,35.25,47.00
70,OL 70-50 ORO DE 14K,38.25,51.00
70,OL 70-51 ORO DE 14K,40.50,54.00
70,OL 70-52 ORO DE 14K,36.00,48.00
70,OL 70-53 ORO DE 14K,31.50,42.00
70,OL 70-54 ORO DE 14K,35.25,47.00
70,OL 70-55 ORO DE 14K,33.75,45.00
70,OL 70-56 ORO DE 14K,35.25,47.00
71,OL 71-1 ORO DE 14K,30.75,41.00
71,OL 71-2 ORO DE 14K,33.75,45.00
71,OL 71-3 ORO DE 14K,33.75,45.00
71,OL 71-4 ORO DE 14K,33.75,45.00
71,OL 71-5 ORO DE 14K,40.50,54.00
71,OL 71-6 ORO DE 14K,38.25,51.00
71,OL 71-7 ORO DE 14K,35.25,47.00
71,OL 71-8 ORO DE 14K,39.75,53.00
71,OL 71-9 ORO DE 14K,24.75,33.00
71,OL 71-10 ORO DE 14K,24.75,33.00
71,OL 71-11 ORO DE 14K,35.25,47.00
71,OL 71-12 ORO DE 14K,36.00,48.00
71,OL 71-13 ORO DE 14K,27.00,36.00
71,OL 71-14 ORO DE 14K,35.25,47.00
71,OL 71-15 ORO DE 14K,36.00,48.00
71,OL 71-16 ORO DE 14K,35.25,47.00
71,OL 71-17 ORO DE 14K,30.75,41.00
71,OL 71-18 ORO DE 14K,30.75,41.00
71,OL 71-19 ORO DE 14K,28.50,38.00
71,OL 71-20 ORO DE 14K,22.50,30.00
71,OL 71-21 ORO DE 14K,31.50,42.00
71,OL 71-22 ORO DE 14K,35.25,47.00
71,OL 71-23 ORO DE 14K,29.25,39.00
71,OL 71-24 ORO DE 14K,40.50,54.00
71,OL 71-25 ORO DE 14K,29.25,39.00
71,OL 71-26 ORO DE 14K,31.50,42.00
71,OL 71-27 ORO DE 14K,38.25,51.00
71,OL 71-28 ORO DE 14K,36.00,48.00
71,OL 71-29 ORO DE 14K,35.25,47.00
71,OL 71-30 ORO DE 14K,31.50,42.00
71,OL 71-31 ORO DE 14K,28.50,38.00
71,OL 71-32 ORO DE 14K,27.00,36.00
71,OL 71-33 ORO DE 14K,35.25,47.00
71,OL 71-34 ORO DE 14K,33.75,45.00
71,OL 71-35 ORO DE 14K,22.50,30.00
71,OL 71-36 ORO DE 14K,37.50,50.00
71,OL 71-37 ORO DE 14K,37.50,50.00
71,OL 71-38 ORO DE 14K,24.75,33.00
71,OL 71-39 ORO DE 14K,36.00,48.00
71,OL 71-40 ORO DE 14K,31.50,42.00
71,OL 71-41 ORO DE 14K,27.00,36.00
71,OL 71-42 ORO DE 14K,22.50,30.00
71,OL 71-43 ORO DE 14K,3.00,4.00
71,OL 71-44 ORO DE 14K,31.50,42.00
71,OL 71-45 ORO DE 14K,22.50,30.00
71,OL 71-46 ORO DE 14K,33.75,45.00
71,OL 71-47 ORO DE 14K,27.00,36.00
71,OL 71-48 ORO DE 14K,27.00,36.00
71,OL 71-49 ORO DE 14K,31.50,42.00
71,OL 71-50 ORO DE 14K,31.50,42.00
71,OL 71-51 ORO DE 14K,67.50,90.00
71,OL 71-52 ORO DE 14K,90.00,120.00
71,OL 71-53 ORO DE 14K,78.75,105.00
71,OL 71-54 ORO DE 14K,49.50,66.00
71,OL 71-55 ORO DE 14K,87.75,117.00
71,OL 71-56 ORO DE 14K,87.75,117.00
72,OL 72-1,27.00,45.00
72,OL 72-2,27.00,45.00
72,OL 72-3,27.00,45.00
72,OL 72-4,27.00,45.00
