PAGINA,DESCRIPCION,PRECIO,CLAVE MX,CONTADO MX,CRÉDITO MX
4,007-470 (7 - 11) VINO, 60.00 ,SV69800U, 810.00 , 879.99 
4,007-585 (7 - 12) CAFÉ, 60.00 ,BE69800M, 810.00 , 879.99 
4,007-599 (7 - 11) CAFÉ, 64.80 ,EV75400V, 875.00 , 949.99 
6,007-583 (7 - 11) MIEL, 54.60 ,HZ63500P, 737.00 , 799.99 
6,007-597 (7 - 11) GRIS, 54.60 ,UD63500Y, 737.00 , 799.99 
6,007-600 (7 - 11) NEGRO, 60.00 ,PM69800K, 810.00 , 879.99 
8,007-468 (7 - 11) MIEL, 44.40 ,SQ51600Z, 599.00 , 649.99 
8,007-520 (7 - 11) AZUL, 44.40 ,BH51600X, 599.00 , 649.99 
8,007-927 (S - L) CAFÉ, 17.00 ,VQ19800C, 230.00 , 249.99 
8,007-956 (7 - 12) CAFÉ, 60.00 ,OB69800W, 810.00 , 879.99 
10,007-529 (7 - 11) MARINO, 30.70 ,CP35700Ñ, 415.00 , 449.99 
10,007-529 (7 - 11) ROJO, 30.70 ,CP35700Ñ, 415.00 , 449.99 
10,"007-936 (4Y - 5Y, 6M - 11M) MIEL", 30.70 ,HR35700Z, 415.00 , 449.99 
11,007-472 (7 - 11) ARENA, 49.80 ,FT57900W, 672.00 , 729.99 
11,007-577 (7 - 11) NEGRO, 41.00 ,NÑ47600H, 553.00 , 599.99 
11,007-577 (7 - 11) MARINO, 41.00 ,NÑ47600H, 553.00 , 599.99 
12,005-897 (8-11) CHOCOLATE, 29.30 ,VN34100K, 396.00 , 429.99 
12,006-455 (7 - 12) MIEL, 37.60 ,KP43700W, 507.00 , 549.99 
12,006-455 (7 - 12) NEGRO, 37.60 ,KP43700W, 507.00 , 549.99 
13,005-244 (7 - 12) MIEL, 54.60 ,BÑ63500H, 737.00 , 799.99 
14,005-244 (7 - 12) NEGRO, 53.30 ,DO61900F, 719.00 , 779.99 
14,007-517 (7 - 11) CAFÉ, 53.30 ,ÑN61900F, 719.00 , 779.99 
16,007-483 (S-L) GRIS, 14.70 ,YR17100F, 199.00 , 214.99 
16,007-519 (7 - 11) AZUL, 41.00 ,BK47600F, 553.00 , 599.99 
16,007-525 (7 - 11) VINO, 41.00 ,UB47600L, 553.00 , 599.99 
16,007-645 (7 - 11) GRIS, 36.20 ,JR42100J, 489.00 , 529.99 
17,007-480 (7 - 11) ARENA, 53.30 ,HE61900S, 719.00 , 779.99 
17,007-486 (7 - 12) NEGRO, 44.40 ,AD51600P, 599.00 , 649.99 
17,007-642 (7 - 11) MARINO, 37.60 ,HN43700X, 507.00 , 549.99 
18,007-617 (7 - 11) PATHE, 54.60 ,EF63500P, 737.00 , 799.99 
18,007-618 (7 - 11) CAFÉ, 49.80 ,TN57900W, 672.00 , 729.99 
18,007-644 (7 - 11) NEGRO, 36.20 ,RJ42100L, 489.00 , 529.99 
19,007-536 ONE SIZE MULTICOLOR, 10.30 ,TF11900P, 139.00 , 149.99 
19,007-596 (7 - 11) CAFÉ, 53.30 ,NK61900C, 719.00 , 779.99 
19,007-643 (7 - 11) BLANCO, 36.20 ,AT42100H, 489.00 , 529.99 
19,009-174 (7 - 11) AZUL, 36.20 ,XG42100A, 489.00 , 529.99 
20,007-571 (7 - 11) MIEL, 39.60 ,KS46000M, 534.00 , 579.99 
20,007-571 (7 - 11) AZUL, 39.60 ,KS46000M, 534.00 , 579.99 
21,007-484 (S-L) CAMEL, 14.70 ,UD17100K, 199.00 , 214.99 
21,007-503 (7 - 11) GRIS, 36.20 ,TY42100E, 489.00 , 529.99 
21,007-504 (7 - 11) MIEL, 36.20 ,AK42100Q, 489.00 , 529.99 
22,007-576 (7 - 11) OLIVO, 32.70 ,VB38100X, 442.00 , 479.99 
22,009-531 (7 - 11) MARINO, 37.60 ,YK43700Z, 507.00 , 549.99 
24,007-563 (7 - 11) CAFÉ, 36.20 ,LV42100V, 489.00 , 529.99 
24,007-564 (7 - 11) AZUL, 36.20 ,QÑ42100N, 489.00 , 529.99 
24,007-564 (7 - 11) ROJO, 36.20 ,QÑ42100N, 489.00 , 529.99 
26,007-565 (7 - 11) BLANCO, 36.20 ,KC42100O, 489.00 , 529.99 
26,007-565 (7 - 11) NEGRO, 36.20 ,KC42100O, 489.00 , 529.99 
26,007-871 (7 - 11) BLANCO, 39.60 ,UL46000Z, 534.00 , 579.99 
27,007-499 (7 - 11) MARINO, 36.20 ,VÑ42100C, 489.00 , 529.99 
27,007-563 (7 - 11) BLANCO, 36.20 ,LV42100V, 489.00 , 529.99 
27,007-575 (7 - 11) NEGRO, 37.60 ,RM43700V, 507.00 , 549.99 
28,007-494 (7 - 11) VERDE, 27.60 ,SB32100T, 373.00 , 404.99 
28,007-578 (7 - 11) NEGRO, 27.30 ,JQ31700T, 368.00 , 399.99 
28,"009-374 (3Y - 5Y, 6M - 12M, 5W - 10W) NEGRO", 30.70 ,BW35700H, 415.00 , 449.99 
30,007-501 (7 - 11) OLIVO, 36.20 ,RM42100R, 489.00 , 529.99 
30,007-506 (7 - 11) BLANCO, 37.60 ,MA43700S, 507.00 , 549.99 
30,007-506 (7 - 11) VINO, 37.60 ,MA43700S, 507.00 , 549.99 
31,007-651 (7 - 11) NEGRO, 36.20 ,FB42100T, 489.00 , 529.99 
32,007-502 (7 - 11) NEGRO, 36.20 ,AB42100K, 489.00 , 529.99 
32,007-502 (7 - 11) MIEL, 36.20 ,AB42100K, 489.00 , 529.99 
32,007-651 (7 - 11) MARINO, 36.20 ,FB42100T, 489.00 , 529.99 
34,007-531 (7 - 11) NEGRO, 34.10 ,WK39700P, 461.00 , 499.99 
34,007-531 (7 - 11) GRIS, 34.10 ,WK39700P, 461.00 , 499.99 
34,"007-579 (3Y - 5Y, 6M - 11M) NEGRO", 39.60 ,AP46000D, 534.00 , 579.99 
35,"005-293 (3Y - 5Y, 6M - 11M, 5W - 10W) NEGRO", 49.80 ,FV57900B, 672.00 , 729.99 
35,007-580 (7 - 11) ROJO, 51.20 ,QX59500Y, 691.00 , 749.99 
35,007-580 (7 - 11) NEGRO, 51.20 ,QX59500Y, 691.00 , 749.99 
36,"006-561 (3Y - 5Y, 6M - 11M, 5W - 10W) NEGRO", 36.10 ,PY42000C, 488.00 , 529.99 
36,"007-574 (3Y - 5Y, 6M - 11M, 5W - 10W) NEGRO", 47.80 ,TZ55600K, 645.00 , 699.99 
36,009-524 (7 - 11) AZUL, 37.60 ,WA43700Z, 507.00 , 549.99 
38,"007-489 (3Y - 5Y, 6M - 11M, 5W - 10W) VERDE", 34.10 ,NÑ39700K, 461.00 , 499.99 
38,"007-573 (3Y - 5Y, 6M - 11M, 5W - 10W) NEGRO", 39.60 ,ÑP46000K, 534.00 , 579.99 
38,"007-573 (3Y - 5Y, 6M - 11M, 5W - 10W) BLANCO", 39.60 ,ÑP46000K, 534.00 , 579.99 
38,"007-573 (3Y - 5Y, 6M - 11M, 5W - 10W) ROJO", 39.60 ,ÑP46000K, 534.00 , 579.99 
39,007-490 (8-11) MARINO MULTI, 39.60 ,YK46000O, 534.00 , 579.99 
39,007-983 (7 - 12) NEGRO, 39.60 ,RP46000O, 534.00 , 579.99 
39,009-392 (7 - 11) GRIS, 39.60 ,OA46000S, 534.00 , 579.99 
40,"000-487 (3Y - 5Y, 6M - 11M, 5W - 10W) BLANCO", 36.20 ,XR42100J, 489.00 , 529.99 
40,005-536 ONE SIZE BLANCO, 5.80 ,DH6700C, 78.00 , 84.99 
40,005-536 ONE SIZE GRIS, 5.80 ,DH6700C, 78.00 , 84.99 
40,007-441 ONE SIZE BLANCO, 5.80 ,RT6700G, 78.00 , 84.99 
40,"007-491 (3Y - 5Y, 6M - 11M) NEGRO", 41.00 ,HT47600E, 553.00 , 599.99 
40,007-493 (7 - 11) BLANCO, 34.10 ,YZ39700H, 461.00 , 499.99 
42,007-476 (7 - 12) NEGRO, 39.60 ,OQ46000C, 534.00 , 579.99 
42,007-594 (7 - 11) VINO, 41.00 ,JU47600G, 553.00 , 599.99 
42,007-646 (7 - 11) CHOCOLATE, 41.00 ,BS47600O, 553.00 , 599.99 
42,009-456 (7 - 12) NEGRO, 47.80 ,XD55600U, 645.00 , 699.99 
42,009-604 VENTA SOLO EN MEXICO , 0.10 ,FV2999N, 34.99 , 39.99 
43,007-602 (7 - 11) MIEL, 58.00 ,ES67500Y, 783.00 , 849.99 
43,007-604 (7 - 11) NEGRO, 56.70 ,QZ65900C, 765.00 , 829.99 
43,007-604 (7 - 11) CAFÉ, 56.70 ,QZ65900C, 765.00 , 829.99 
44,007-601 (7 - 11) NEGRO, 56.70 ,SF65900H, 765.00 , 829.99 
44,007-603 (7 - 11) CAFÉ, 58.00 ,CX67500A, 783.00 , 849.99 
44,007-606 (7 - 11) NEGRO, 58.00 ,MR67500V, 783.00 , 849.99 
44,009-601 VENTA SOLO EN MEXICO, 0.10 ,UW11799V, 136.99 , 149.99 
45,004-844 (S-L) NEGRO, 17.00 ,DU19800K, 230.00 , 249.99 
45,007-475 (7 - 12) MIEL, 41.00 ,JH47600H, 553.00 , 599.99 
45,007-620 (7 - 11) NEGRO, 47.80 ,AU55600R, 645.00 , 699.99 
45,007-620 (7 - 11) CAFÉ, 47.80 ,AU55600R, 645.00 , 699.99 
45,009-815 VENTA SOLO EN MEXICO, 0.10 ,OO4799R, 55.99 , 59.99 
46,002-111 (7 - 12) NEGRO, 41.00 ,ÑR47600L, 553.00 , 599.99 
46,007-535 ONE SIZE CAMEL, 10.60 ,WE12300K, 143.00 , 154.99 
46,007-592 (7 - 11) CAFÉ, 41.00 ,YZ47600H, 553.00 , 599.99 
46,009-605 VENTA SOLO EN MEXICO, 0.10 ,FB2099R, 24.99 , 29.99 
46,009-666 (7 - 12) MIEL, 49.80 ,VU57900W, 672.00 , 729.99 
47,007-436 ONE SIZE NEGRO, 4.10 ,XL4800B, 56.00 , 59.99 
47,007-437 ONE SIZE MARINO, 4.10 ,SA4800A, 56.00 , 59.99 
47,007-437 ONE SIZE ROJO, 4.10 ,SA4800A, 56.00 , 59.99 
47,007-438 ONE SIZE MARINO, 4.10 ,QY4800E, 56.00 , 59.99 
47,007-439 ONE SIZE VERDE, 4.10 ,QJ4800S, 56.00 , 59.99 
47,007-440 ONE SIZE VINO, 4.10 ,CD4800L, 56.00 , 59.99 
47,007-586 ONE SIZE NEGRO MULTI, 4.10 ,UR4800T, 56.00 , 59.99 
48,004-844 (S - L) NEGRO, 17.00 ,DU19800K, 230.00 , 249.99 
48,007-482 (S - L) NEGRO, 15.80 ,ZV18300H, 213.00 , 229.99 
48,007-483 (S - L) GRIS, 14.70 ,YR17100F, 199.00 , 214.99 
48,007-484 (S - L) CAMEL, 14.70 ,UD17100K, 199.00 , 214.99 
48,007-535 ONE SIZE CAMEL, 10.60 ,WE12300K, 143.00 , 154.99 
48,007-536 ONE SIZE MULTICOLOR, 10.30 ,TF11900P, 139.00 , 149.99 
48,007-927 (S - L) CAFÉ, 17.00 ,VQ19800C, 230.00 , 249.99 
49,006-463 (7 - 12) MARINO, 39.60 ,PY46000S, 534.00 , 579.99 
49,007-474 (7 - 12) NEGRO, 39.60 ,KU46000T, 534.00 , 579.99 
49,009-602 VENTA SOLO EN MEXICO , 0.10 ,GN4899W, 56.99 , 64.99 
50,007-629 (7 - 11) CAFÉ, 53.30 ,TL61900D, 719.00 , 779.99 
50,007-629 (7 - 11) MIEL, 53.30 ,TL61900D, 719.00 , 779.99 
50,007-647 (8-11) BEIGE MULTI, 41.00 ,YS47600G, 553.00 , 599.99 
52,007-482 (S-L) NEGRO, 15.80 ,ZV18300H, 213.00 , 229.99 
52,007-498 (7 - 11) CAFÉ, 56.70 ,CP65900Q, 765.00 , 829.99 
52,007-619 (7 - 11) NEGRO, 37.60 ,WW43700A, 507.00 , 549.99 
52,007-626 (7 - 11) CAFÉ, 53.30 ,XE61900Q, 719.00 , 779.99 
52,007-626 (7 - 11) NEGRO, 53.30 ,XE61900Q, 719.00 , 779.99 
53,007-512 (7 - 12) BLANCO, 19.50 ,YN22600X, 263.00 , 284.99 
53,007-513 (7 - 12) AZUL, 19.50 ,XP22600P, 263.00 , 284.99 
53,007-514 (7 - 12) BLANCO, 19.50 ,EJ22600D, 263.00 , 284.99 
53,007-514 (7 - 12) AZUL, 19.50 ,EJ22600D, 263.00 , 284.99 
53,007-649 (7 - 11) CAFÉ, 19.50 ,PT22600S, 263.00 , 284.99 
53,009-716 (7 - 12) CAMEL, 32.70 ,GU38100V, 442.00 , 479.99 
54,007-515 (7 - 11) MEZCLILLA MULTI, 22.50 ,QL26200Q, 304.00 , 329.99 
54,007-516 (7 - 11) ROJO, 22.50 ,YH26200Z, 304.00 , 329.99 
54,007-636 (7 - 11) NEGRO, 15.80 ,YQ18300U, 213.00 , 229.99 
54,007-636 (7 - 11) ROJO, 15.80 ,YQ18300U, 213.00 , 229.99 
54,007-650 (7 - 11) VERDE, 5.80 ,GS6700A, 78.00 , 84.99 
55,007-546 (7 - 11) MULTICOLOR, 13.30 ,JU15500C, 180.00 , 194.99 
56,007-630 (8-11) MULTICOLOR COMBO 2 POR 1, 34.10 ,AB39700R, 461.00 , 499.99 
57,"007-528 (3Y - 5Y, 6M - 11M, 5W - 10W) MULTICOLOR", 52.50 ,NZ61100F, 709.00 , 769.99 
58,007-609 (7 - 11) MULTICOLOR, 48.10 ,EH56000F, 650.00 , 704.99 
59,007-608 (7 - 11) NEGRO, 57.30 ,RF66700L, 774.00 , 839.99 
60,007-653 ONE SIZE MULTICOLOR, 14.70 ,ÑH17100Z, 199.00 , 214.99 
61,F69110 (7 - 11) MIEL, 129.00 ,PS87920P," 1,099.00 "," 1,189.99 "
61,F71604 (7 - 11) CHOCOLATE, 99.00 ,EY67950Q, 849.00 , 919.99 
61,F71604 (7 - 11) NEGRO, 99.00 ,EY67950Q, 849.00 , 919.99 
62,F68609 (7 - 11) MIEL, 99.00 ,WW63930O, 799.00 , 864.99 
62,F68609 (7 - 11) NEGRO, 99.00 ,WW63930O, 799.00 , 864.99 
62,F76803 (7 - 11) CAFÉ, 89.00 ,DV63120T, 789.00 , 854.99 
63,F78504 (7 - 11) NEGRO, 99.00 ,HE63120C, 789.00 , 854.99 
63,F91501 (7 - 11) NEGRO, 99.00 ,VH66330D, 829.00 , 899.99 
63,F91502 (7 - 11) NEGRO, 99.00 ,QP66330E, 829.00 , 899.99 
64,F63202 (7-13) NEGRO, 69.00 ,JC51930W, 649.00 , 704.99 
64,F68901 (7 - 11) CAFÉ, 99.00 ,VÑ66330H, 829.00 , 899.99 
64,F71603 (7-13) NEGRO, 89.00 ,YB68880A, 799.00 , 929.99 
65,K05761 (7 - 11) MIEL, 82.00 ,XP94750D," 1,099.00 "," 1,194.99 "
65,K05761 (7 - 11) CAFÉ, 82.00 ,XP94750D," 1,099.00 "," 1,194.99 "
65,K07635 ONE SIZE VINO, 14.00 ,JG16300L, 189.00 , 209.99 
66,K02455 (8-11) NEGRO, 60.00 ,SR68880H, 799.00 , 869.99 
66,K02455 (8-11) GRIS MULTI, 60.00 ,SR68880H, 799.00 , 869.99 
66,K09797 ONE SIZE NEGRO, 12.00 ,PA13710P, 159.00 , 174.99 
66,K09797 ONE SIZE BLANCO, 12.00 ,PA13710P, 159.00 , 174.99 
67,K0F004 (8-11) MARINO, 82.00 ,LN94750Y," 1,099.00 "," 1,194.99 "
67,K0F004 (8-11) BLANCO, 82.00 ,LN94750Y," 1,099.00 "," 1,194.99 "
67,K0F010 (8-11) NEGRO, 74.00 ,EE86130S, 999.00 ," 1,089.99 "
67,K0F106 (8-11) ROJO, 74.00 ,EX86130Q, 999.00 ," 1,089.99 "
68,K00011 (8-13) BLANCO, 100.00 ,TC116300V," 1,349.00 "," 1,469.99 "
69,VM7652 VENTA SOLO EN MEXICO, 0.10 ,FG64570U, 749.00 , 814.99 
69,VM9166 VENTA SOLO EN MEXICO, 0.10 ,FP64570V, 749.00 , 814.99 
70,V13CC7 VENTA SOLO EN MEXICO, 0.10 ,OZ34400L, 399.00 , 434.99 
70,VM7650 VENTA SOLO EN MEXICO, 0.10 ,ZQ64570B, 749.00 , 814.99 
70,VM9160 VENTA SOLO EN MEXICO, 0.10 ,ZF64570P, 749.00 , 814.99 
71,V13CC5 VENTA SOLO EN MEXICO, 0.10 ,QL31820U, 369.00 , 404.99 
71,V14738 VENTA SOLO EN MEXICO, 0.10 ,FÑ60260E, 699.00 , 759.99 
72,V14848 VENTA SOLO EN MEXICO, 0.10 ,RK60260K, 699.00 , 759.99 
72,V47385 VENTA SOLO EN MEXICO, 0.10 ,ÑV60260S, 699.00 , 759.99 
72,V47386 VENTA SOLO EN MEXICO, 0.10 ,FU60260Z, 699.00 , 759.99 
73,C21631 (7 - 12) BLANCO, 37.00 ,XF43020O, 499.00 , 544.99 
73,C21631 (7 - 12) CORAL, 37.00 ,XF43020O, 499.00 , 544.99 
74,C21623 (7 - 12) NEGRO, 35.00 ,PK40440W, 469.00 , 509.99 
74,C21687 (7 - 12) NEGRO, 35.00 ,HV40440E, 469.00 , 509.99 
74,C21688 (7 - 12) BLANCO, 35.00 ,HM40440H, 469.00 , 509.99 
