PAGINA,DESCRIPCION, PRECIO ,,,
4,007-077 (5 - 10) AZUL, 27.60 ,GQ32100E, 373.00 , 404.99 
4,007-077 (5 - 10) CAFÉ, 27.60 ,GQ32100E, 373.00 , 404.99 
4,007-407 (5 - 10) NEGRO, 36.20 ,CY42100F, 489.00 , 529.99 
5,007-078 (5 - 10) ROJO, 30.70 ,SN35700A, 415.00 , 449.99 
6,002-233 (5 - 10) MIEL, 37.50 ,WX43600N, 506.00 , 549.99 
6,002-233 (5 - 10) NEGRO, 37.50 ,WX43600N, 506.00 , 549.99 
8,005-260 (5 - 10) MARINO, 36.20 ,PV42100R, 489.00 , 529.99 
8,005-260 (5 - 10) MULTICOLOR, 36.20 ,PV42100R, 489.00 , 529.99 
8,005-260 (5 - 10) NEGRO, 36.20 ,PV42100R, 489.00 , 529.99 
9,007-090 (6-10) NEGRO, 39.60 ,XZ46000E, 534.00 , 579.99 
9,007-372 (5 - 10) PATHE, 37.60 ,ÑÑ43700H, 507.00 , 549.99 
9,007-372 (5 - 10) NEGRO, 37.60 ,ÑÑ43700H, 507.00 , 549.99 
10,007-405 (5 - 10) NEGRO, 27.30 ,XÑ31700M, 368.00 , 399.99 
10,007-405 (5 - 10) BLANCO, 27.30 ,XÑ31700M, 368.00 , 399.99 
10,007-405 (5 - 10) CAMEL MULTI, 27.30 ,XÑ31700M, 368.00 , 399.99 
10,007-406 (5 - 10) NEGRO, 27.30 ,KM31700A, 368.00 , 399.99 
11,007-353 (6-10) NEGRO, 46.40 ,XA54000Q, 627.00 , 679.99 
12,007-358 (6-10) NEGRO, 60.00 ,MS69800Y, 810.00 , 879.99 
12,007-358 (6-10) CAMEL, 60.00 ,MS69800Y, 810.00 , 879.99 
14,007-050 (5 - 10) NEGRO, 56.70 ,QC65900O, 765.00 , 829.99 
14,007-053 (5 - 10) CAFÉ, 56.70 ,WK65900K, 765.00 , 829.99 
15,007-048 (5 - 10) CAFÉ, 49.80 ,JÑ57900Q, 672.00 , 729.99 
15,007-352 (5 - 10) NEGRO, 41.00 ,XV47600R, 553.00 , 599.99 
16,007-086 (6-9.5) NEGRO, 60.00 ,FW69800T, 810.00 , 879.99 
16,007-371 (5 - 10) CHOCOLATE, 58.00 ,AX67500V, 783.00 , 849.99 
18,006-808 (5 - 10) NEGRO, 43.00 ,FZ50000Y, 580.00 , 629.99 
18,006-808 (5 - 10) MARINO, 43.00 ,FZ50000Y, 580.00 , 629.99 
18,007-046 (5 - 10) CAMEL, 46.40 ,ÑG54000G, 627.00 , 679.99 
20,007-064 (5-9) NEGRO, 22.90 ,UN26600Q, 309.00 , 334.99 
20,007-365 (5 - 10) AMARILLO, 23.90 ,RK27800R, 323.00 , 349.99 
20,007-365 (5 - 10) CORAL, 23.90 ,RK27800R, 323.00 , 349.99 
21,007-068 (5-9) PLATA, 20.50 ,RB23800E, 277.00 , 299.99 
21,007-076 (6-10) CAMEL, 20.50 ,YT23800W, 277.00 , 299.99 
21,007-091 (5 - 10) ORO, 21.20 ,CD24600G, 286.00 , 309.99 
22,007-348 (5 - 10) MIEL, 30.70 ,KO35700P, 415.00 , 449.99 
22,007-348 (5 - 10) AZUL, 30.70 ,KO35700P, 415.00 , 449.99 
24,007-066 (5-9) PATHE, 20.50 ,JX23800N, 277.00 , 299.99 
24,007-874 (6-9) NEGRO, 26.00 ,XN30200H, 351.00 , 379.99 
24,007-874 (6-9) BEIGE, 26.00 ,XN30200H, 351.00 , 379.99 
25,007-915 (6-9) MARINO, 27.30 ,ZE31700B, 368.00 , 399.99 
25,007-915 (6-9) CAFÉ, 27.30 ,ZE31700B, 368.00 , 399.99 
26,007-044 (6-10) ROJO, 27.30 ,YR31700N, 368.00 , 399.99 
26,007-044 (6-10) NEGRO, 27.30 ,YR31700N, 368.00 , 399.99 
28,007-047 (5 - 10) NEGRO, 21.20 ,SO24600L, 286.00 , 309.99 
28,007-075 (6-10) MARINO, 23.90 ,HM27800C, 323.00 , 349.99 
28,008-167 (5 - 10) MIEL, 23.90 ,UO27800M, 323.00 , 349.99 
29,007-351 (6-10) CORAL, 23.90 ,MW27800Ñ, 323.00 , 349.99 
29,007-351 (6-10) AZUL, 23.90 ,MW27800Ñ, 323.00 , 349.99 
30,007-401 (6-10) CHOCOLATE, 27.90 ,GF32500N, 377.00 , 409.99 
30,007-403 (6-10) NEGRO, 30.70 ,HO35700T, 415.00 , 449.99 
30,007-403 (6-10) VINO, 30.70 ,HO35700T, 415.00 , 449.99 
30,007-404 (6-10) AZUL, 29.30 ,VR34100V, 396.00 , 429.99 
31,007-079 (6-10) ROJO, 23.90 ,UN27800G, 323.00 , 349.99 
32,005-216 (6-10) MARINO, 22.50 ,LX26200X, 304.00 , 329.99 
32,007-350 (6-10) NEGRO, 34.10 ,JU39700M, 461.00 , 499.99 
32,008-168 (6-10) NEGRO, 23.90 ,EO27800X, 323.00 , 349.99 
33,007-392 (5 - 10) PATHE, 39.60 ,WS46000B, 534.00 , 579.99 
33,007-393 (5 - 10) NEGRO, 39.60 ,ÑY46000P, 534.00 , 579.99 
33,008-244 (5 - 10) NEGRO, 37.60 ,EO43700X, 507.00 , 549.99 
34,007-349 (5 - 10) NEGRO, 31.00 ,ZY36100H, 419.00 , 454.99 
34,007-366 (6-10) NEGRO, 30.70 ,OU35700F, 415.00 , 449.99 
34,007-366 (6-10) ANTIMONIO, 30.70 ,OU35700F, 415.00 , 449.99 
35,007-085 (6-9.5) NEGRO, 36.20 ,BG42100U, 489.00 , 529.99 
35,007-085 (6-9.5) ANTIMONIO, 36.20 ,BG42100U, 489.00 , 529.99 
35,007-088 (6-9.5) CAFÉ, 39.60 ,KK46000G, 534.00 , 579.99 
36,003-831 (5 - 10) NEGRO, 26.00 ,KJ30200G, 351.00 , 379.99 
36,006-916 VENTA SOLO EN MEXICO, 0.10 ,CN4299B, 49.99 , 54.99 
36,009-597 VENTA SOLO EN MEXICO, 0.10 ,QU4299P, 49.99 , 54.99 
36,009-598 VENTA SOLO EN MEXICO, 0.10 ,PV3599Y, 41.99 , 44.99 
36,009-599 VENTA SOLO EN MEXICO, 0.10 ,CÑ11799V, 136.99 , 149.99 
36,009-600 VENTA SOLO EN MEXICO, 0.10 ,BT1980D, 22.99 , 24.99 
36,009-603 VENTA SOLO EN MEXICO, 0.10 ,RA5999Q, 69.99 , 79.99 
37,006-807 (6-10) MARINO, 22.50 ,FV26200D, 304.00 , 329.99 
37,006-807 (6-10) ROSA, 22.50 ,FV26200D, 304.00 , 329.99 
38,007-347 (5 - 10) MULTICOLOR, 26.00 ,DL30200W, 351.00 , 379.99 
38,007-347 (5 - 10) CORAL, 26.00 ,DL30200W, 351.00 , 379.99 
40,007-125 (5-9) CAMEL MULTI, 30.70 ,ZC35700F, 415.00 , 449.99 
40,007-370 (5 - 10) CHOCOLATE, 44.40 ,SV51600B, 599.00 , 649.99 
40,008-170 (5 - 10) MIEL, 27.30 ,ZY31700Ñ, 368.00 , 399.99 
40,008-234 (5 - 10) CAFÉ MULTI, 26.00 ,XM30200S, 351.00 , 379.99 
41,007-124 (5-9) BLANCO, 27.30 ,FV31700V, 368.00 , 399.99 
41,008-232 (5 - 10) AZUL MULTI, 26.00 ,CS30200E, 351.00 , 379.99 
42,007-081 (6-9) NARANJA, 30.70 ,TZ35700D, 415.00 , 449.99 
42,007-122 (5 - 10) CAMEL MULTI, 27.90 ,YB32500A, 377.00 , 409.99 
44,007-059 (5 - 10) ANTIMONIO, 39.60 ,KJ46000Q, 534.00 , 579.99 
44,007-067 (5 - 10) ORO, 39.60 ,ST46000F, 534.00 , 579.99 
44,007-123 (5 - 10) CAFÉ, 29.30 ,SO34100P, 396.00 , 429.99 
45,007-342 (5-9) PLATA, 36.20 ,ZR42100N, 489.00 , 529.99 
45,007-343 (5-9) NEGRO, 36.20 ,FA42100E, 489.00 , 529.99 
46,007-121 (5 - 10) NEGRO, 27.90 ,QB32500A, 377.00 , 409.99 
46,007-121 (5 - 10) CAMEL, 27.90 ,QB32500A, 377.00 , 409.99 
48,007-360 (5 - 10) NEGRO MULTI, 36.20 ,SJ42100K, 489.00 , 529.99 
48,007-360 (5 - 10) FIUSHA MULTI, 36.20 ,SJ42100K, 489.00 , 529.99 
48,009-717 (5 - 10) CAFÉ MULTI, 36.20 ,GÑ42100T, 489.00 , 529.99 
49,007-061 (5 - 10) NEGRO, 39.60 ,TH46000F, 534.00 , 579.99 
49,008-176 (5 - 10) NEGRO, 39.60 ,PA46000B, 534.00 , 579.99 
50,008-235 (5 - 10) CAMEL MULTI, 32.70 ,RJ38100R, 442.00 , 479.99 
50,008-235 (5 - 10) NEGRO MULTI, 32.70 ,RJ38100R, 442.00 , 479.99 
52,007-054 (5 - 10) ROJO MULTI, 36.20 ,UP42100C, 489.00 , 529.99 
52,007-069 (5 - 10) NEGRO MULTI, 39.60 ,ÑB46000O, 534.00 , 579.99 
53,008-207 (5 - 10) ROJO, 37.60 ,WS43700M, 507.00 , 549.99 
53,008-207 (5 - 10) NEGRO, 37.60 ,WS43700M, 507.00 , 549.99 
54,008-175 (5 - 10) ORO, 37.60 ,UT43700O, 507.00 , 549.99 
54,008-250 (5-9) AZUL, 34.10 ,HU39700T, 461.00 , 499.99 
56,007-073 (5 - 10) NEGRO, 37.60 ,TC43700E, 507.00 , 549.99 
56,007-089 (5 - 10) BLANCO, 36.20 ,FH42100Y, 489.00 , 529.99 
56,007-089 (5 - 10) NEGRO, 36.20 ,FH42100Y, 489.00 , 529.99 
58,007-359 (5 - 10) NEGRO, 32.70 ,GG38100X, 442.00 , 479.99 
58,007-359 (5 - 10) BRONCE, 32.70 ,GG38100X, 442.00 , 479.99 
58,008-203 (5 - 10) AZUL, 26.00 ,CN30200Ñ, 351.00 , 379.99 
59,007-084 (5 - 10) AZUL, 34.10 ,GX39700S, 461.00 , 499.99 
59,007-093 (5 - 10) CAFÉ MULTI, 34.10 ,HM39700Y, 461.00 , 499.99 
60,007-096 (5 - 10) NARANJA MULTI, 39.60 ,DE46000M, 534.00 , 579.99 
60,008-171 (5 - 10) MULTICOLOR, 36.20 ,UM42100Z, 489.00 , 529.99 
61,007-082 (6-9) MULTICOLOR, 26.00 ,QV30200O, 351.00 , 379.99 
62,008-230 (5 - 10) BLANCO, 26.00 ,OQ30200Q, 351.00 , 379.99 
62,008-230 (5 - 10) NEGRO, 26.00 ,OQ30200Q, 351.00 , 379.99 
64,007-355 (5 - 10) CAMEL, 41.00 ,GK47600T, 553.00 , 599.99 
64,007-357 (5 - 10) NEGRO, 39.60 ,ZZ46000M, 534.00 , 579.99 
64,008-245 (5 - 10) CAFÉ, 39.60 ,GG46000L, 534.00 , 579.99 
66,007-390 (5 - 10) AZUL, 30.70 ,AL35700X, 415.00 , 449.99 
66,007-390 (5 - 10) ROJO, 30.70 ,AL35700X, 415.00 , 449.99 
66,007-391 (5 - 10) NEGRO, 30.70 ,YJ35700H, 415.00 , 449.99 
68,007-094 (5 - 10) ORO, 27.30 ,WH31700G, 368.00 , 399.99 
68,007-094 (5 - 10) NEGRO, 27.30 ,WH31700G, 368.00 , 399.99 
68,007-362 (5 - 10) ORO, 32.70 ,TT38100C, 442.00 , 479.99 
68,007-364 (5 - 10) ANTIMONIO, 32.70 ,UT38100U, 442.00 , 479.99 
70,005-318 (5 - 10) NEGRO, 27.30 ,FG31700N, 368.00 , 399.99 
70,007-363 (5 - 10) BEIGE, 32.70 ,EU38100A, 442.00 , 479.99 
70,007-363 (5 - 10) NEGRO, 32.70 ,EU38100A, 442.00 , 479.99 
71,F15118 (6 - 9) NEGRO, 149.00 ,CJ95930W," 1,199.00 "," 1,299.99 "
71,F15118 (6 - 9) MIEL, 149.00 ,CJ95930W," 1,199.00 "," 1,299.99 "
71,F15918 (6 - 9) NEGRO, 139.00 ,WF87920Y," 1,099.00 "," 1,189.99 "
72,F18111 (6 - 9) NEGRO, 75.00 ,EJ46330G, 579.00 , 629.99 
72,F27208 (6 - 9) NEGRO, 109.00 ,PH79930K, 999.00 ," 1,079.99 "
72,F27407 (6 - 9) NEGRO, 119.00 ,DF79930U, 999.00 ," 1,079.99 "
73,F18102 (5-10) NEGRO, 75.00 ,XP43930A, 549.00 , 594.99 
73,F19405 (6 - 9) CHOCOLATE, 79.00 ,SM51930P, 649.00 , 704.99 
73,F27401 (6 - 9) NEGRO, 79.00 ,SA55930R, 699.00 , 759.99 
73,F27801 (6 - 9) NEGRO, 79.00 ,DG47950A, 599.00 , 649.99 
74,F18110 (6 - 9) NEGRO, 75.00 ,XC45520E, 569.00 , 614.99 
74,F27602 (6 - 9) NEGRO, 75.00 ,SV47950Z, 599.00 , 649.99 
74,F48301 (5-10) NEGRO, 64.00 ,TK43930B, 549.00 , 594.99 
74,F48304 (6 - 9) NEGRO, 69.00 ,WP43930B, 549.00 , 594.99 
